seed,round,train_loss,accuracy,f1,roc_auc,log_loss,method,selected_clients,mean_update_norm
7,1,0.00617879107723952,0.9230769230769231,0.9385474860335196,0.9844863731656185,0.18090765037524523,,,
7,1,0.19698600926579155,0.9090909090909091,0.9281767955801105,0.969392033542977,0.37563647669771133,FedAvg,7.0,0.44830200760320166
7,2,0.1435154674361609,0.9090909090909091,0.9281767955801105,0.9754716981132076,0.29650689896979576,FedAvg,7.0,0.28445455553551713
7,3,0.12947480004713266,0.9090909090909091,0.9273743016759777,0.9786163522012579,0.257347293018658,FedAvg,7.0,0.2232668325205956
7,4,0.11265399312996337,0.9090909090909091,0.9273743016759777,0.9807127882599582,0.23014138425135977,FedAvg,7.0,0.20333722236898102
7,5,0.0970172298021718,0.9090909090909091,0.9273743016759777,0.9805031446540882,0.21586338672987426,FedAvg,7.0,0.19447811534331289
7,6,0.08977022031060809,0.9090909090909091,0.9273743016759777,0.9821802935010483,0.20270007406563176,FedAvg,7.0,0.1650460309136937
7,7,0.08021697140066264,0.9090909090909091,0.9273743016759777,0.9821802935010483,0.19547745766361177,FedAvg,7.0,0.16508966045258386
7,8,0.07442376373957782,0.9090909090909091,0.9273743016759777,0.9825995807127883,0.18926744644835944,FedAvg,7.0,0.16483963026399476
7,9,0.06937391336753292,0.916083916083916,0.9333333333333333,0.9832285115303984,0.18539796975855855,FedAvg,7.0,0.15306481380776932
7,10,0.06883594560678795,0.9090909090909091,0.9273743016759777,0.9832285115303984,0.18177905322397936,FedAvg,7.0,0.13654712631622118
7,11,0.06235327375182752,0.916083916083916,0.9333333333333333,0.9842767295597484,0.17794852008642179,FedAvg,7.0,0.12968163771319885
7,12,0.0620164657766932,0.916083916083916,0.9333333333333333,0.9853249475890985,0.17410999080405085,FedAvg,7.0,0.12318134020280834
7,13,0.05898960788805831,0.916083916083916,0.9333333333333333,0.9853249475890986,0.17108972366018782,FedAvg,7.0,0.11873861515924365
7,14,0.05406646474006015,0.916083916083916,0.9333333333333333,0.9851153039832286,0.1694110807820989,FedAvg,7.0,0.11038027716592243
7,15,0.051316224660101564,0.916083916083916,0.9333333333333333,0.9849056603773585,0.16841862845740643,FedAvg,7.0,0.10571824427320402
7,16,0.05544176477882981,0.916083916083916,0.9333333333333333,0.9855345911949686,0.1660379072773515,FedAvg,7.0,0.10827104686751009
7,17,0.050787043517915305,0.916083916083916,0.9333333333333333,0.9855345911949686,0.1639376750247423,FedAvg,7.0,0.09910908876243577
7,18,0.05254397567165355,0.916083916083916,0.9333333333333333,0.9857442348008386,0.16331014451049622,FedAvg,7.0,0.103467830936675
7,19,0.0485562513371747,0.916083916083916,0.9333333333333333,0.9853249475890986,0.16214320201784868,FedAvg,7.0,0.10350767392009252
7,20,0.042726063097808194,0.916083916083916,0.9333333333333333,0.9853249475890986,0.16150572568894658,FedAvg,7.0,0.09543840755890863
7,21,0.04525767840367774,0.916083916083916,0.9333333333333333,0.9851153039832286,0.16022013523359185,FedAvg,7.0,0.09942889931298363
7,22,0.043915287240663244,0.916083916083916,0.9333333333333333,0.9853249475890986,0.16021836459642502,FedAvg,7.0,0.08991440704771977
7,23,0.04086911831167037,0.916083916083916,0.9333333333333333,0.9853249475890986,0.15884715963320553,FedAvg,7.0,0.09354707142083217
7,24,0.041588894115296364,0.916083916083916,0.9333333333333333,0.9853249475890986,0.15792476653221083,FedAvg,7.0,0.08877405076175268
7,25,0.042159657586534734,0.916083916083916,0.9333333333333333,0.9855345911949686,0.15729493268114164,FedAvg,7.0,0.07988456541806187
7,26,0.03844670676517022,0.916083916083916,0.9333333333333333,0.9853249475890986,0.15734866710173706,FedAvg,7.0,0.07919322167313296
7,27,0.041321851000251895,0.916083916083916,0.9333333333333333,0.9853249475890986,0.15779802888649963,FedAvg,7.0,0.08495131941382371
7,28,0.03479323528694766,0.916083916083916,0.9333333333333333,0.9859538784067086,0.1568316602311637,FedAvg,7.0,0.08715996084120474
7,29,0.034655507301012745,0.9230769230769231,0.9392265193370166,0.9857442348008386,0.15606041321899197,FedAvg,7.0,0.07238690088440174
7,30,0.034458543064653735,0.9230769230769231,0.9392265193370166,0.9853249475890986,0.15603974076389768,FedAvg,7.0,0.08435053762784185
7,1,0.19698600926579155,0.9090909090909091,0.9281767955801105,0.969392033542977,0.3756364766977118,Secure FedAvg,7.0,0.44830200760320166
7,2,0.14351546743616142,0.9090909090909091,0.9281767955801105,0.9754716981132076,0.2965068989697948,Secure FedAvg,7.0,0.2844545555355181
7,3,0.12947480004713313,0.9090909090909091,0.9273743016759777,0.9786163522012579,0.25734729301865605,Secure FedAvg,7.0,0.2232668325205971
7,4,0.11265399312996352,0.9090909090909091,0.9273743016759777,0.9807127882599582,0.2301413842513579,Secure FedAvg,7.0,0.20333722236898114
7,5,0.09701722980217196,0.9090909090909091,0.9273743016759777,0.9805031446540882,0.21586338672987151,Secure FedAvg,7.0,0.19447811534331286
7,6,0.08977022031060809,0.9090909090909091,0.9273743016759777,0.9821802935010483,0.20270007406562957,Secure FedAvg,7.0,0.16504603091369344
7,7,0.08021697140066264,0.9090909090909091,0.9273743016759777,0.9821802935010483,0.1954774576636078,Secure FedAvg,7.0,0.16508966045258316
7,8,0.07442376373957807,0.9090909090909091,0.9273743016759777,0.9825995807127883,0.1892674464483556,Secure FedAvg,7.0,0.1648396302639949
7,9,0.06937391336753353,0.916083916083916,0.9333333333333333,0.9832285115303984,0.18539796975855558,Secure FedAvg,7.0,0.15306481380776985
7,10,0.06883594560678823,0.9090909090909091,0.9273743016759777,0.9832285115303984,0.18177905322397686,Secure FedAvg,7.0,0.13654712631622198
7,11,0.06235327375182809,0.916083916083916,0.9333333333333333,0.9842767295597484,0.1779485200864191,Secure FedAvg,7.0,0.12968163771320038
7,12,0.06201646577669351,0.916083916083916,0.9333333333333333,0.9853249475890985,0.17410999080404851,Secure FedAvg,7.0,0.12318134020280876
7,13,0.05898960788805855,0.916083916083916,0.9333333333333333,0.9853249475890986,0.17108972366018477,Secure FedAvg,7.0,0.11873861515924476
7,14,0.0540664647400605,0.916083916083916,0.9333333333333333,0.9851153039832286,0.16941108078209563,Secure FedAvg,7.0,0.11038027716592287
7,15,0.05131622466010186,0.916083916083916,0.9333333333333333,0.9849056603773585,0.16841862845740346,Secure FedAvg,7.0,0.1057182442732043
7,16,0.055441764778830505,0.916083916083916,0.9333333333333333,0.9855345911949686,0.16603790727735007,Secure FedAvg,7.0,0.1082710468675105
7,17,0.05078704351791583,0.916083916083916,0.9333333333333333,0.9855345911949686,0.1639376750247414,Secure FedAvg,7.0,0.09910908876243658
7,18,0.052543975671654655,0.916083916083916,0.9333333333333333,0.9857442348008386,0.1633101445104959,Secure FedAvg,7.0,0.10346783093667636
7,19,0.04855625133717544,0.916083916083916,0.9333333333333333,0.9853249475890986,0.16214320201784807,Secure FedAvg,7.0,0.10350767392009357
7,20,0.0427260630978088,0.916083916083916,0.9333333333333333,0.9853249475890986,0.1615057256889465,Secure FedAvg,7.0,0.095438407558909
7,21,0.04525767840367863,0.916083916083916,0.9333333333333333,0.9851153039832286,0.16022013523359285,Secure FedAvg,7.0,0.09942889931298439
7,22,0.04391528724066373,0.916083916083916,0.9333333333333333,0.9853249475890986,0.16021836459642477,Secure FedAvg,7.0,0.08991440704772058
7,23,0.0408691183116713,0.916083916083916,0.9333333333333333,0.9853249475890986,0.15884715963320473,Secure FedAvg,7.0,0.09354707142083342
7,24,0.04158889411529667,0.916083916083916,0.9333333333333333,0.9853249475890986,0.1579247665322094,Secure FedAvg,7.0,0.0887740507617529
7,25,0.042159657586535136,0.916083916083916,0.9333333333333333,0.9855345911949686,0.15729493268113975,Secure FedAvg,7.0,0.07988456541806303
7,26,0.03844670676517048,0.916083916083916,0.9333333333333333,0.9853249475890986,0.1573486671017347,Secure FedAvg,7.0,0.07919322167313379
7,27,0.0413218510002525,0.916083916083916,0.9333333333333333,0.9853249475890986,0.15779802888649747,Secure FedAvg,7.0,0.08495131941382457
7,28,0.034793235286948034,0.916083916083916,0.9333333333333333,0.9859538784067086,0.15683166023116163,Secure FedAvg,7.0,0.08715996084120525
7,29,0.034655507301013015,0.9230769230769231,0.9392265193370166,0.9857442348008386,0.1560604132189899,Secure FedAvg,7.0,0.07238690088440349
7,30,0.03445854306465425,0.9230769230769231,0.9392265193370166,0.9853249475890986,0.15603974076389485,Secure FedAvg,7.0,0.0843505376278427
7,1,0.19698600926579155,0.9020979020979021,0.9230769230769231,0.9696016771488469,0.37409270959717217,DP-FedAvg (moderate),7.0,0.44830200760320166
7,2,0.14390207962434046,0.9300699300699301,0.9438202247191011,0.9725366876310272,0.3072261430477989,DP-FedAvg (moderate),7.0,0.2893937314232248
7,3,0.13340554003468383,0.9230769230769231,0.9378531073446328,0.9721174004192872,0.27760088656072823,DP-FedAvg (moderate),7.0,0.24231575446669312
7,4,0.1154580904856053,0.9230769230769231,0.9378531073446328,0.9805031446540882,0.23609140442402177,DP-FedAvg (moderate),7.0,0.219299293120867
7,5,0.10036506099474027,0.9230769230769231,0.9378531073446328,0.979874213836478,0.22067504761722792,DP-FedAvg (moderate),7.0,0.21088623215312105
7,6,0.08864813203702689,0.9230769230769231,0.9385474860335196,0.9815513626834382,0.2140896038864832,DP-FedAvg (moderate),7.0,0.1706815050991139
7,7,0.07984465296232164,0.9230769230769231,0.9378531073446328,0.9811320754716981,0.207786199207704,DP-FedAvg (moderate),7.0,0.16577142866036274
7,8,0.07630029590961888,0.9300699300699301,0.9438202247191011,0.9811320754716981,0.20248237175050826,DP-FedAvg (moderate),7.0,0.18416233013950908
7,9,0.07176997469634033,0.9230769230769231,0.9378531073446328,0.979664570230608,0.20641074771776377,DP-FedAvg (moderate),7.0,0.16738118363421806
7,10,0.07136972902483761,0.916083916083916,0.9325842696629213,0.978197064989518,0.21081094546282875,DP-FedAvg (moderate),7.0,0.1454661386854464
7,11,0.06620604913485773,0.9230769230769231,0.9392265193370166,0.9805031446540882,0.2019520225738024,DP-FedAvg (moderate),7.0,0.1407395611126221
7,12,0.06674473684942417,0.916083916083916,0.9333333333333333,0.9784067085953879,0.2078810390092881,DP-FedAvg (moderate),7.0,0.1439458665441738
7,13,0.06517430091509262,0.9300699300699301,0.9431818181818182,0.9819706498951782,0.19774575547822332,DP-FedAvg (moderate),7.0,0.14257573838585932
7,14,0.06165928163090377,0.9090909090909091,0.9273743016759777,0.9721174004192872,0.22683098633940954,DP-FedAvg (moderate),7.0,0.14070289835938196
7,15,0.05956600967666001,0.9090909090909091,0.9265536723163842,0.9685534591194969,0.23798441191958003,DP-FedAvg (moderate),7.0,0.13759911088331084
7,16,0.06218047730594272,0.8951048951048951,0.9142857142857143,0.969392033542977,0.23573687224898923,DP-FedAvg (moderate),7.0,0.12961740947476294
7,17,0.06011394845301339,0.8951048951048951,0.9132947976878613,0.9712788259958072,0.23183197838283612,DP-FedAvg (moderate),7.0,0.1337625837214807
7,18,0.0595099599788594,0.9020979020979021,0.9195402298850575,0.9754716981132077,0.21942002404793443,DP-FedAvg (moderate),7.0,0.12699590601805114
7,19,0.05651012706638785,0.8951048951048951,0.9142857142857143,0.9761006289308176,0.21253287768714177,DP-FedAvg (moderate),7.0,0.13683279874193968
7,20,0.055534238608465875,0.8881118881118881,0.9090909090909091,0.9752620545073376,0.20924709081745713,DP-FedAvg (moderate),7.0,0.13001472618189508
7,21,0.05440763395663639,0.8881118881118881,0.9080459770114943,0.9744234800838575,0.20583345574954554,DP-FedAvg (moderate),7.0,0.13391954983436777
7,22,0.054388535189748725,0.916083916083916,0.9340659340659341,0.9802935010482181,0.18991728113236467,DP-FedAvg (moderate),7.0,0.11997605775275792
7,23,0.04794841474045032,0.8951048951048951,0.9152542372881356,0.9771488469601678,0.2024071188813598,DP-FedAvg (moderate),7.0,0.11433479971148187
7,24,0.04842469070014663,0.8881118881118881,0.9090909090909091,0.9775681341719078,0.2015443339396729,DP-FedAvg (moderate),7.0,0.10403126171195536
7,25,0.05394162062460994,0.9020979020979021,0.9204545454545454,0.9798742138364781,0.19695006289340083,DP-FedAvg (moderate),7.0,0.1210858137377696
7,26,0.0471998165540419,0.8951048951048951,0.9152542372881356,0.9756813417190776,0.2132997700240837,DP-FedAvg (moderate),7.0,0.1106788572773869
7,27,0.04992647128062274,0.8881118881118881,0.9080459770114943,0.9752620545073376,0.21428939950878803,DP-FedAvg (moderate),7.0,0.1102871890613277
7,28,0.03987677729490222,0.9090909090909091,0.9257142857142857,0.9763102725366877,0.20715505755684208,DP-FedAvg (moderate),7.0,0.10416608746712792
7,29,0.04132035132907949,0.9020979020979021,0.9195402298850575,0.9775681341719078,0.21087429152267467,DP-FedAvg (moderate),7.0,0.10439208187164548
7,30,0.03766642530041751,0.9020979020979021,0.9204545454545454,0.9765199161425577,0.2092426984374093,DP-FedAvg (moderate),7.0,0.10560473456418316
7,1,0.19698600926579155,0.8041958041958042,0.8372093023255814,0.869182389937107,0.4652186654825927,DP-FedAvg (strong),7.0,0.44830200760320166
7,2,0.16087545527200095,0.7552447552447552,0.7878787878787878,0.859538784067086,0.5168085315949607,DP-FedAvg (strong),7.0,0.35617629650604854
7,3,0.17402147473057372,0.7692307692307693,0.7975460122699386,0.879664570230608,0.5305570253417893,DP-FedAvg (strong),7.0,0.3715483923047512
7,4,0.15956951253193966,0.8041958041958042,0.8292682926829268,0.9085953878406708,0.4469227298362079,DP-FedAvg (strong),7.0,0.35308101601090885
7,5,0.1490136878014299,0.8251748251748252,0.8484848484848485,0.9341719077568134,0.40245133391897525,DP-FedAvg (strong),7.0,0.34744038885683776
7,6,0.11595106758339391,0.8461538461538461,0.8705882352941177,0.9368972746331237,0.4100842084089937,DP-FedAvg (strong),7.0,0.2731208470064161
7,7,0.12211736703615411,0.8741258741258742,0.8941176470588236,0.941090146750524,0.4214202300872698,DP-FedAvg (strong),7.0,0.2594633946732487
7,8,0.1379887482254333,0.8181818181818182,0.8452380952380952,0.9333333333333333,0.45125570513948526,DP-FedAvg (strong),7.0,0.32488699387728476
7,9,0.1279844167508541,0.8181818181818182,0.8452380952380952,0.9253668763102725,0.4767764023440607,DP-FedAvg (strong),7.0,0.3008307603666817
7,10,0.14119052672204127,0.8181818181818182,0.8452380952380952,0.9157232704402516,0.5433305716119775,DP-FedAvg (strong),7.0,0.25762765104878677
7,11,0.1492587993625515,0.8321678321678322,0.8604651162790697,0.9155136268343815,0.5135953898166408,DP-FedAvg (strong),7.0,0.2757723885897655
7,12,0.14662172909793095,0.8391608391608392,0.8654970760233918,0.8943396226415095,0.6119047320524427,DP-FedAvg (strong),7.0,0.30439373267190356
7,13,0.15525844831411326,0.7972027972027972,0.8242424242424242,0.8970649895178198,0.6281470247232617,DP-FedAvg (strong),7.0,0.2929803793852076
7,14,0.15902675391183113,0.7342657342657343,0.7710843373493976,0.8572327044025158,0.8341358525493674,DP-FedAvg (strong),7.0,0.32602935002206374
7,15,0.17880572131370176,0.7482517482517482,0.7857142857142857,0.849266247379455,0.9441717654846541,DP-FedAvg (strong),7.0,0.3239158861962173
7,16,0.19669548810766863,0.7622377622377622,0.7951807228915663,0.8417190775681341,0.9624968650674874,DP-FedAvg (strong),7.0,0.28812400079748957
7,17,0.19287387082312096,0.7272727272727273,0.7664670658682635,0.860167714884696,0.9388575664449266,DP-FedAvg (strong),7.0,0.3130224857086485
7,18,0.18827564932008045,0.7552447552447552,0.7852760736196319,0.8781970649895179,0.8718574031799179,DP-FedAvg (strong),7.0,0.29879302790025425
7,19,0.1729210048663132,0.7272727272727273,0.7577639751552795,0.860167714884696,0.8529793563317781,DP-FedAvg (strong),7.0,0.36369048346025806
7,20,0.2001984672641443,0.7342657342657343,0.759493670886076,0.8605870020964361,0.8758704035055523,DP-FedAvg (strong),7.0,0.3219651725688086
7,21,0.17635135786127165,0.7622377622377622,0.7848101265822784,0.8773584905660377,0.7990104366403445,DP-FedAvg (strong),7.0,0.35802644917645365
7,22,0.18177281562837028,0.8041958041958042,0.8292682926829268,0.8962264150943396,0.7138913041007214,DP-FedAvg (strong),7.0,0.274341886868486
7,23,0.1560579825370353,0.7412587412587412,0.7672955974842768,0.8784067085953878,0.7998368594083535,DP-FedAvg (strong),7.0,0.27937261177885747
7,24,0.15980437423756147,0.7832167832167832,0.8074534161490683,0.8842767295597485,0.8097424574515983,DP-FedAvg (strong),7.0,0.23030072461847365
7,25,0.20577712978269258,0.7832167832167832,0.8098159509202454,0.8966457023060795,0.7930473134654517,DP-FedAvg (strong),7.0,0.2864834787380595
7,26,0.1748990966642505,0.7272727272727273,0.7577639751552795,0.8846960167714885,0.9038638319804749,DP-FedAvg (strong),7.0,0.2794163958588966
7,27,0.20111424801027852,0.7482517482517482,0.7721518987341772,0.8867924528301887,0.9339535942684225,DP-FedAvg (strong),7.0,0.25430126564597993
7,28,0.1233996649554476,0.8111888111888111,0.8343558282208589,0.9039832285115305,0.8373675017550983,DP-FedAvg (strong),7.0,0.2621160665592963
7,29,0.13431945097572717,0.8041958041958042,0.8271604938271605,0.9014675052410901,0.8581730095166532,DP-FedAvg (strong),7.0,0.2883949299101003
7,30,0.10837683827678157,0.8041958041958042,0.8271604938271605,0.909853249475891,0.8143146968772954,DP-FedAvg (strong),7.0,0.2647514323172759
7,1,0.1926397726533176,0.916083916083916,0.9333333333333333,0.9731656184486374,0.38434281626789907,GossipAvg,10.0,0.4471107210266392
7,2,0.143298781850216,0.916083916083916,0.9333333333333333,0.9744234800838575,0.3097321123756172,GossipAvg,10.0,0.2669079901962202
7,3,0.11416122039148265,0.9090909090909091,0.9273743016759777,0.9756813417190775,0.27508901522786544,GossipAvg,10.0,0.19794978317947667
7,4,0.09831471469365397,0.9090909090909091,0.9273743016759777,0.9777777777777779,0.2524626143996585,GossipAvg,10.0,0.16678921894074855
7,5,0.08714170678204772,0.9090909090909091,0.9273743016759777,0.9788259958071279,0.23701947311292937,GossipAvg,10.0,0.1455541980393962
7,6,0.07892069859210152,0.9090909090909091,0.9273743016759777,0.9811320754716981,0.225421370278006,GossipAvg,10.0,0.13352634125047289
7,7,0.07174712312583482,0.9090909090909091,0.9273743016759777,0.9809224318658282,0.21627367530656855,GossipAvg,10.0,0.12662317299904838
7,8,0.06772810251748854,0.9090909090909091,0.9273743016759777,0.9813417190775682,0.20862219650028108,GossipAvg,10.0,0.11259960051324411
7,9,0.06266384136352345,0.9090909090909091,0.9273743016759777,0.9811320754716981,0.20297048044475888,GossipAvg,10.0,0.11394854567686633
7,10,0.05932391330407381,0.9090909090909091,0.9273743016759777,0.9815513626834382,0.19817206818233146,GossipAvg,10.0,0.1056951443119375
7,11,0.05674516425979835,0.9090909090909091,0.9273743016759777,0.9819706498951782,0.19371821819457907,GossipAvg,10.0,0.09689763626086167
7,12,0.05421593704778047,0.9090909090909091,0.9273743016759777,0.9830188679245284,0.1898129128236097,GossipAvg,10.0,0.09245502815306711
7,13,0.05154337940076727,0.9090909090909091,0.9273743016759777,0.9832285115303984,0.18597864470905887,GossipAvg,10.0,0.0929478620252601
7,14,0.04985352312012735,0.9090909090909091,0.9273743016759777,0.9832285115303984,0.18300255875312463,GossipAvg,10.0,0.08657135222946673
7,15,0.04799384237687364,0.9090909090909091,0.9273743016759777,0.9832285115303984,0.18070221539604617,GossipAvg,10.0,0.08457103628828133
7,16,0.04633070954203493,0.9090909090909091,0.9273743016759777,0.9834381551362684,0.17845384313055684,GossipAvg,10.0,0.08329477363253285
7,17,0.0448969859706534,0.9090909090909091,0.9273743016759777,0.9836477987421384,0.17645768894718344,GossipAvg,10.0,0.08010300376368858
7,18,0.04380699429345249,0.9090909090909091,0.9273743016759777,0.9840670859538785,0.1746926950675101,GossipAvg,10.0,0.07522081398650571
7,19,0.042074764926836664,0.916083916083916,0.9325842696629213,0.9840670859538785,0.17317257848229625,GossipAvg,10.0,0.07914889404025702
7,20,0.04123842682776198,0.916083916083916,0.9325842696629213,0.9840670859538785,0.1717635853059805,GossipAvg,10.0,0.07344213045927787
7,21,0.03990210976762429,0.916083916083916,0.9325842696629213,0.9840670859538785,0.1704190486983125,GossipAvg,10.0,0.0741015840223794
7,22,0.03875072241956843,0.9230769230769231,0.9385474860335196,0.9842767295597484,0.16867503655230656,GossipAvg,10.0,0.07511344042705832
7,23,0.03789644642371098,0.9230769230769231,0.9385474860335196,0.9844863731656185,0.16749222583792908,GossipAvg,10.0,0.07163689543582688
7,24,0.037100874055815095,0.9230769230769231,0.9385474860335196,0.9846960167714884,0.16627354420471083,GossipAvg,10.0,0.06853386172839647
7,25,0.03622850844615287,0.9230769230769231,0.9385474860335196,0.9842767295597484,0.16533601828041455,GossipAvg,10.0,0.0686200494496365
7,26,0.03556380164426301,0.9230769230769231,0.9385474860335196,0.9844863731656185,0.164564482870721,GossipAvg,10.0,0.0664310868805052
7,27,0.03479243701271878,0.9230769230769231,0.9385474860335196,0.9844863731656185,0.1636100896548751,GossipAvg,10.0,0.06539451923741949
7,28,0.034065077236894684,0.9230769230769231,0.9385474860335196,0.9844863731656185,0.1627404283060672,GossipAvg,10.0,0.06473169629344963
7,29,0.03324171094204159,0.9230769230769231,0.9385474860335196,0.9842767295597484,0.16213606571031705,GossipAvg,10.0,0.06513770222800168
7,30,0.03257913749179424,0.9230769230769231,0.9385474860335196,0.9842767295597484,0.1614813534765738,GossipAvg,10.0,0.0648350955571779
7,1,0.1926397726533176,0.916083916083916,0.9325842696629213,0.9616352201257862,0.4007545639703575,Local-DP Gossip,10.0,0.4471107210266392
7,2,0.143285672747086,0.9090909090909091,0.9265536723163842,0.9614255765199161,0.3260221267394103,Local-DP Gossip,10.0,0.2784526198186678
7,3,0.11663057424183858,0.9230769230769231,0.9371428571428572,0.9633123689727464,0.29700306768550844,Local-DP Gossip,10.0,0.21565473172897454
7,4,0.100717800998593,0.8951048951048951,0.9162011173184358,0.9649895178197064,0.2735339097244999,Local-DP Gossip,10.0,0.18489504854086677
7,5,0.09072787123224056,0.916083916083916,0.9318181818181818,0.9693920335429769,0.253958094890191,Local-DP Gossip,10.0,0.16106946104967917
7,6,0.0827834658715575,0.9090909090909091,0.9273743016759777,0.9733752620545073,0.2354486981718319,Local-DP Gossip,10.0,0.15747870179087836
7,7,0.07255276875175122,0.9020979020979021,0.9204545454545454,0.9721174004192873,0.2295108254754724,Local-DP Gossip,10.0,0.13882975593694608
7,8,0.06718379821490505,0.9020979020979021,0.9204545454545454,0.9677148846960169,0.23823706765709982,Local-DP Gossip,10.0,0.12081424210160083
7,9,0.06389588354691182,0.9090909090909091,0.9273743016759777,0.969392033542977,0.23231910072300638,Local-DP Gossip,10.0,0.1276485146651302
7,10,0.058137030028156934,0.9090909090909091,0.9265536723163842,0.9666666666666667,0.23990145700327584,Local-DP Gossip,10.0,0.11609914169893161
7,11,0.057797096330746686,0.9020979020979021,0.9213483146067416,0.9643605870020965,0.24434003985466876,Local-DP Gossip,10.0,0.11462863629918367
7,12,0.05162063536290162,0.916083916083916,0.9325842696629213,0.970440251572327,0.2269907940618736,Local-DP Gossip,10.0,0.09799970871786812
7,13,0.04827433036502237,0.9090909090909091,0.9281767955801105,0.9658280922431866,0.2370489379457054,Local-DP Gossip,10.0,0.10098421855559417
7,14,0.05200174205699352,0.9020979020979021,0.9213483146067416,0.9645702306079664,0.23328144385265578,Local-DP Gossip,10.0,0.10593690068053788
7,15,0.05265748342920856,0.916083916083916,0.9333333333333333,0.9641509433962264,0.23925627031374416,Local-DP Gossip,10.0,0.10730413166164832
7,16,0.05309174465012491,0.916083916083916,0.9333333333333333,0.9654088050314467,0.24519450018225075,Local-DP Gossip,10.0,0.11154802443382057
7,17,0.05279392531853962,0.8951048951048951,0.9162011173184358,0.9649895178197065,0.24492161665607295,Local-DP Gossip,10.0,0.11427187835515293
7,18,0.051519199443663434,0.8951048951048951,0.9152542372881356,0.9633123689727463,0.2527801205775669,Local-DP Gossip,10.0,0.10410869393555292
7,19,0.04735885530305189,0.8881118881118881,0.9080459770114943,0.9666666666666667,0.2408330793563393,Local-DP Gossip,10.0,0.10634334750854232
7,20,0.04626828593608616,0.9020979020979021,0.9204545454545454,0.9660377358490566,0.23903918203655336,Local-DP Gossip,10.0,0.09388238687034088
7,21,0.048617000323172885,0.9020979020979021,0.9204545454545454,0.959958071278826,0.25998698468060766,Local-DP Gossip,10.0,0.11078218136756954
7,22,0.04720304401466303,0.9020979020979021,0.9204545454545454,0.9587002096436058,0.2723574090639449,Local-DP Gossip,10.0,0.11185176836937001
7,23,0.04522855044321403,0.9090909090909091,0.9265536723163842,0.9637316561844864,0.25012666775462616,Local-DP Gossip,10.0,0.11092141408537404
7,24,0.0424403645363408,0.9020979020979021,0.9204545454545454,0.9647798742138365,0.24418344304742992,Local-DP Gossip,10.0,0.09282955012744762
7,25,0.04393501197940521,0.9090909090909091,0.9265536723163842,0.9656184486373166,0.23810798705039438,Local-DP Gossip,10.0,0.10026229796470129
7,26,0.04229496163540104,0.9090909090909091,0.9265536723163842,0.9651991614255766,0.23539057993087323,Local-DP Gossip,10.0,0.0930988909408111
7,27,0.04209780799574798,0.916083916083916,0.9325842696629213,0.9664570230607967,0.2361247072763143,Local-DP Gossip,10.0,0.09532905271745674
7,28,0.040196957762171456,0.916083916083916,0.9325842696629213,0.9681341719077569,0.22994120067659057,Local-DP Gossip,10.0,0.09773190824465282
7,29,0.038982624691636374,0.9300699300699301,0.9438202247191011,0.9708595387840672,0.21662744760169964,Local-DP Gossip,10.0,0.09483461300380394
7,30,0.040008463401265314,0.9230769230769231,0.9385474860335196,0.9719077568134172,0.21315609004491784,Local-DP Gossip,10.0,0.09756747569254792
21,1,0.006583052834697316,0.972027972027972,0.978021978021978,0.9970649895178197,0.07350619149699768,,,
21,1,0.19265544972031096,0.951048951048951,0.9608938547486033,0.9916142557651992,0.3565403722450051,FedAvg,7.0,0.4279063142354615
21,2,0.1557929537027704,0.965034965034965,0.9717514124293786,0.9962264150943396,0.2631152622311912,FedAvg,7.0,0.2992189285954986
21,3,0.12083371687501084,0.965034965034965,0.9717514124293786,0.9981132075471698,0.21263835642372222,FedAvg,7.0,0.24812337980907215
21,4,0.11147790714559301,0.965034965034965,0.9717514124293786,0.9979035639412999,0.1868931301254764,FedAvg,7.0,0.19361331912788343
21,5,0.09922103298666664,0.965034965034965,0.9717514124293786,0.9974842767295597,0.16951649000457902,FedAvg,7.0,0.1673603493953142
21,6,0.09076381254904693,0.972027972027972,0.9775280898876404,0.9981132075471698,0.15731184781864324,FedAvg,7.0,0.15680019542482038
21,7,0.08693676817463859,0.972027972027972,0.9775280898876404,0.9985324947589098,0.14722072949860393,FedAvg,7.0,0.15888477628448633
21,8,0.07889326363846393,0.9790209790209791,0.9832402234636871,0.9989517819706499,0.13961589782183845,FedAvg,7.0,0.13769701328493644
21,9,0.076089449834053,0.9790209790209791,0.9832402234636871,0.9989517819706499,0.13433235391570827,FedAvg,7.0,0.1443689654575902
21,10,0.0677503042417388,0.972027972027972,0.9777777777777777,0.9991614255765199,0.12856082249326634,FedAvg,7.0,0.16016070410178393
21,11,0.06934401476896473,0.972027972027972,0.9777777777777777,0.9989517819706499,0.12355744106443589,FedAvg,7.0,0.1303299900649177
21,12,0.0609741678642193,0.972027972027972,0.9777777777777777,0.9991614255765199,0.11933543162509508,FedAvg,7.0,0.13575966632391173
21,13,0.06080285650396825,0.972027972027972,0.9777777777777777,0.9987421383647799,0.11498201948770027,FedAvg,7.0,0.11833092535799215
21,14,0.05759454116274851,0.972027972027972,0.9777777777777777,0.9989517819706499,0.11302263385904569,FedAvg,7.0,0.11822376976735323
21,15,0.05633898238738345,0.972027972027972,0.9777777777777777,0.9987421383647799,0.11043384116786256,FedAvg,7.0,0.10859433612790502
21,16,0.05063011858293981,0.972027972027972,0.9777777777777777,0.9987421383647799,0.10795549160765,FedAvg,7.0,0.09908196344939124
21,17,0.04818516086314785,0.972027972027972,0.9777777777777777,0.9987421383647799,0.10480659061141802,FedAvg,7.0,0.10902883122019102
21,18,0.04696431482050752,0.972027972027972,0.9777777777777777,0.9987421383647799,0.10298456523990462,FedAvg,7.0,0.11606475575267176
21,19,0.04717165398966601,0.972027972027972,0.9777777777777777,0.9989517819706499,0.10183689968298869,FedAvg,7.0,0.09399053529923558
21,20,0.04229721032579499,0.972027972027972,0.9777777777777777,0.9989517819706499,0.1001484345010924,FedAvg,7.0,0.10305788676785763
21,21,0.04460702534575063,0.972027972027972,0.9777777777777777,0.9989517819706499,0.09864914668627266,FedAvg,7.0,0.09065143870645301
21,22,0.04634754120098006,0.972027972027972,0.9777777777777777,0.9989517819706499,0.0968682809661235,FedAvg,7.0,0.09179359090043691
21,23,0.04327042112842058,0.9790209790209791,0.9834254143646409,0.9987421383647799,0.09539540395906747,FedAvg,7.0,0.10151612670341643
21,24,0.038541424636682,0.9790209790209791,0.9834254143646409,0.9987421383647799,0.09342518882918933,FedAvg,7.0,0.08660414285148957
21,25,0.03813682871988423,0.9790209790209791,0.9834254143646409,0.9989517819706499,0.09295641636330305,FedAvg,7.0,0.08764546727530094
21,26,0.03729613682596112,0.9790209790209791,0.9834254143646409,0.9989517819706498,0.09203269968458475,FedAvg,7.0,0.08068295735749971
21,27,0.03637335631600332,0.9790209790209791,0.9834254143646409,0.9989517819706498,0.09165423430685245,FedAvg,7.0,0.07470845357753238
21,28,0.03578237327132777,0.9790209790209791,0.9834254143646409,0.9989517819706498,0.0907916650922442,FedAvg,7.0,0.06805054307364966
21,29,0.03527490316706058,0.9790209790209791,0.9834254143646409,0.9989517819706498,0.09047908603219416,FedAvg,7.0,0.07258326736478157
21,30,0.03638377117041032,0.9790209790209791,0.9834254143646409,0.9989517819706498,0.08943115726017407,FedAvg,7.0,0.08435351843766366
21,1,0.19265544972031096,0.951048951048951,0.9608938547486033,0.9916142557651992,0.3565403722450065,Secure FedAvg,7.0,0.4279063142354615
21,2,0.15579295370277058,0.965034965034965,0.9717514124293786,0.9962264150943396,0.26311526223119197,Secure FedAvg,7.0,0.2992189285954989
21,3,0.1208337168750109,0.965034965034965,0.9717514124293786,0.9981132075471698,0.21263835642372117,Secure FedAvg,7.0,0.24812337980907317
21,4,0.11147790714559261,0.965034965034965,0.9717514124293786,0.9979035639412999,0.1868931301254754,Secure FedAvg,7.0,0.19361331912788302
21,5,0.0992210329866663,0.965034965034965,0.9717514124293786,0.9974842767295597,0.1695164900045783,Secure FedAvg,7.0,0.16736034939531394
21,6,0.09076381254904686,0.972027972027972,0.9775280898876404,0.9981132075471698,0.1573118478186425,Secure FedAvg,7.0,0.15680019542482052
21,7,0.08693676817463844,0.972027972027972,0.9775280898876404,0.9985324947589098,0.14722072949860324,Secure FedAvg,7.0,0.15888477628448647
21,8,0.07889326363846405,0.9790209790209791,0.9832402234636871,0.9989517819706499,0.13961589782183803,Secure FedAvg,7.0,0.13769701328493666
21,9,0.07608944983405307,0.9790209790209791,0.9832402234636871,0.9989517819706499,0.13433235391570825,Secure FedAvg,7.0,0.14436896545759084
21,10,0.06775030424173882,0.972027972027972,0.9777777777777777,0.9991614255765199,0.128560822493266,Secure FedAvg,7.0,0.16016070410178493
21,11,0.06934401476896483,0.972027972027972,0.9777777777777777,0.9989517819706499,0.12355744106443452,Secure FedAvg,7.0,0.13032999006491938
21,12,0.06097416786421936,0.972027972027972,0.9777777777777777,0.9991614255765199,0.11933543162509451,Secure FedAvg,7.0,0.13575966632391098
21,13,0.06080285650396853,0.972027972027972,0.9777777777777777,0.9987421383647799,0.11498201948769987,Secure FedAvg,7.0,0.11833092535799329
21,14,0.05759454116274875,0.972027972027972,0.9777777777777777,0.9989517819706499,0.11302263385904547,Secure FedAvg,7.0,0.11822376976735367
21,15,0.056338982387383454,0.972027972027972,0.9777777777777777,0.9987421383647799,0.11043384116786306,Secure FedAvg,7.0,0.10859433612790426
21,16,0.050630118582939816,0.972027972027972,0.9777777777777777,0.9987421383647799,0.10795549160765039,Secure FedAvg,7.0,0.09908196344939091
21,17,0.04818516086314747,0.972027972027972,0.9777777777777777,0.9987421383647799,0.10480659061141875,Secure FedAvg,7.0,0.10902883122019077
21,18,0.04696431482050772,0.972027972027972,0.9777777777777777,0.9987421383647799,0.10298456523990555,Secure FedAvg,7.0,0.11606475575267201
21,19,0.047171653989666315,0.972027972027972,0.9777777777777777,0.9989517819706499,0.10183689968299055,Secure FedAvg,7.0,0.09399053529923607
21,20,0.042297210325795316,0.972027972027972,0.9777777777777777,0.9989517819706499,0.10014843450109367,Secure FedAvg,7.0,0.10305788676785894
21,21,0.044607025345751256,0.972027972027972,0.9777777777777777,0.9989517819706499,0.0986491466862742,Secure FedAvg,7.0,0.0906514387064535
21,22,0.046347541200980266,0.972027972027972,0.9777777777777777,0.9989517819706499,0.09686828096612524,Secure FedAvg,7.0,0.09179359090043795
21,23,0.04327042112842096,0.9790209790209791,0.9834254143646409,0.9987421383647799,0.09539540395906909,Secure FedAvg,7.0,0.10151612670341639
21,24,0.03854142463668191,0.9790209790209791,0.9834254143646409,0.9987421383647799,0.09342518882919092,Secure FedAvg,7.0,0.08660414285148975
21,25,0.03813682871988453,0.9790209790209791,0.9834254143646409,0.9989517819706499,0.0929564163633047,Secure FedAvg,7.0,0.08764546727530179
21,26,0.03729613682596148,0.9790209790209791,0.9834254143646409,0.9989517819706498,0.09203269968458619,Secure FedAvg,7.0,0.08068295735749988
21,27,0.036373356316003816,0.9790209790209791,0.9834254143646409,0.9989517819706498,0.09165423430685381,Secure FedAvg,7.0,0.07470845357753286
21,28,0.0357823732713282,0.9790209790209791,0.9834254143646409,0.9989517819706498,0.090791665092246,Secure FedAvg,7.0,0.06805054307365012
21,29,0.035274903167060744,0.9790209790209791,0.9834254143646409,0.9989517819706498,0.09047908603219589,Secure FedAvg,7.0,0.0725832673647809
21,30,0.036383771170410764,0.9790209790209791,0.9834254143646409,0.9989517819706498,0.08943115726017596,Secure FedAvg,7.0,0.08435351843766478
21,1,0.19265544972031096,0.9440559440559441,0.9540229885057471,0.9890985324947589,0.35396719949965655,DP-FedAvg (moderate),7.0,0.4279063142354615
21,2,0.15230479927485902,0.958041958041958,0.9655172413793104,0.9928721174004193,0.2799194699674623,DP-FedAvg (moderate),7.0,0.2967157027331787
21,3,0.12810076121932554,0.9440559440559441,0.9545454545454546,0.9890985324947589,0.24158464941182378,DP-FedAvg (moderate),7.0,0.26788744593453967
21,4,0.11866370293101425,0.958041958041958,0.9655172413793104,0.9939203354297694,0.20946961788127433,DP-FedAvg (moderate),7.0,0.21408992853673864
21,5,0.10583335232415016,0.951048951048951,0.9608938547486033,0.9918238993710693,0.18582607479799268,DP-FedAvg (moderate),7.0,0.18616941824373276
21,6,0.09533674038619584,0.9370629370629371,0.9497206703910615,0.9916142557651992,0.1811000351181838,DP-FedAvg (moderate),7.0,0.17476443946482206
21,7,0.09318378505758255,0.9440559440559441,0.9555555555555556,0.9882599580712789,0.17923925589867348,DP-FedAvg (moderate),7.0,0.18812120037557897
21,8,0.0854137721713252,0.965034965034965,0.9720670391061452,0.9926624737945493,0.16223632207661182,DP-FedAvg (moderate),7.0,0.15994595520662966
21,9,0.08503905925502386,0.965034965034965,0.9720670391061452,0.990146750524109,0.1611570281669228,DP-FedAvg (moderate),7.0,0.168818611389362
21,10,0.07091237462475126,0.965034965034965,0.9720670391061452,0.9874213836477987,0.17741708641837564,DP-FedAvg (moderate),7.0,0.20454075019225174
21,11,0.07685295940262848,0.958041958041958,0.9666666666666667,0.9884696016771488,0.1725068587249289,DP-FedAvg (moderate),7.0,0.17897164127513368
21,12,0.07167219261812176,0.951048951048951,0.9608938547486033,0.9876310272536688,0.1660587730276392,DP-FedAvg (moderate),7.0,0.1733791758008523
21,13,0.06542765763931811,0.958041958041958,0.967032967032967,0.990146750524109,0.14963761327088315,DP-FedAvg (moderate),7.0,0.13952045387444675
21,14,0.06450892918827926,0.958041958041958,0.9666666666666667,0.9884696016771489,0.15063599611423473,DP-FedAvg (moderate),7.0,0.16275040668310944
21,15,0.06290249592968947,0.9370629370629371,0.9491525423728814,0.9884696016771489,0.15413082051013646,DP-FedAvg (moderate),7.0,0.15723992370749995
21,16,0.057059751518258144,0.951048951048951,0.9608938547486033,0.989727463312369,0.15213483757927954,DP-FedAvg (moderate),7.0,0.12453022335271922
21,17,0.05392008516625648,0.958041958041958,0.9666666666666667,0.989308176100629,0.15819480758026006,DP-FedAvg (moderate),7.0,0.14078542623117657
21,18,0.05585557352969622,0.958041958041958,0.9662921348314607,0.989308176100629,0.15923711363697665,DP-FedAvg (moderate),7.0,0.14080875252588773
21,19,0.053754152138530235,0.951048951048951,0.96045197740113,0.989517819706499,0.15520612185254692,DP-FedAvg (moderate),7.0,0.11186016902511116
21,20,0.05103671213527327,0.965034965034965,0.9720670391061452,0.9918238993710692,0.14514312621921058,DP-FedAvg (moderate),7.0,0.14736003105440584
21,21,0.05635474235626109,0.965034965034965,0.9720670391061452,0.9926624737945493,0.1428300733744107,DP-FedAvg (moderate),7.0,0.13423344917918278
21,22,0.060923747855819214,0.951048951048951,0.96,0.9945492662473795,0.1368941807274937,DP-FedAvg (moderate),7.0,0.13102739847975314
21,23,0.05198888956351151,0.972027972027972,0.9775280898876404,0.9947589098532494,0.14031198348536325,DP-FedAvg (moderate),7.0,0.14764652033174394
21,24,0.045983539237596835,0.951048951048951,0.96045197740113,0.9949685534591195,0.14154671412603534,DP-FedAvg (moderate),7.0,0.12029673418092306
21,25,0.04687927670266269,0.951048951048951,0.9608938547486033,0.9932914046121594,0.1446743444581003,DP-FedAvg (moderate),7.0,0.13491543418357285
21,26,0.0425648881025931,0.9370629370629371,0.9497206703910615,0.9922431865828093,0.14768166540828073,DP-FedAvg (moderate),7.0,0.09502275181630873
21,27,0.04408397302089677,0.9440559440559441,0.9550561797752809,0.9918238993710692,0.1462333931343986,DP-FedAvg (moderate),7.0,0.10205611697798944
21,28,0.04389229731219808,0.9370629370629371,0.9497206703910615,0.9893081761006289,0.14371179635907622,DP-FedAvg (moderate),7.0,0.10010234560857907
21,29,0.03935169836295494,0.951048951048951,0.9608938547486033,0.9863731656184487,0.15408084617187162,DP-FedAvg (moderate),7.0,0.08534385023854969
21,30,0.04009070407920055,0.9370629370629371,0.9497206703910615,0.9870020964360587,0.15559156538110824,DP-FedAvg (moderate),7.0,0.12234682818195686
21,1,0.19265544972031096,0.7692307692307693,0.7924528301886793,0.8765199161425576,0.4695625941370726,DP-FedAvg (strong),7.0,0.4279063142354615
21,2,0.15522215373618956,0.7622377622377622,0.7901234567901234,0.8607966457023061,0.5139889534354521,DP-FedAvg (strong),7.0,0.3394853773154539
21,3,0.1730202033354429,0.7622377622377622,0.7901234567901234,0.859538784067086,0.5341742683707037,DP-FedAvg (strong),7.0,0.4034237765785825
21,4,0.16858319114081546,0.7832167832167832,0.8121212121212121,0.8817610062893082,0.5163358026191164,DP-FedAvg (strong),7.0,0.36305124964555835
21,5,0.17258450331267747,0.8461538461538461,0.8764044943820225,0.9192872117400419,0.4154181077080018,DP-FedAvg (strong),7.0,0.3386056307998884
21,6,0.155841768564289,0.8041958041958042,0.8372093023255814,0.9075471698113208,0.4732473706535599,DP-FedAvg (strong),7.0,0.31844264003260875
21,7,0.19560232508343425,0.8251748251748252,0.8554913294797688,0.9073375262054507,0.5229479901211298,DP-FedAvg (strong),7.0,0.38426158013901546
21,8,0.1719232737409226,0.8391608391608392,0.8654970760233918,0.9207547169811321,0.4657396545612426,DP-FedAvg (strong),7.0,0.31384435289634094
21,9,0.20535794692409207,0.8601398601398601,0.8823529411764706,0.9354297693920336,0.4579044336751657,DP-FedAvg (strong),7.0,0.35717943005398556
21,10,0.1479256695098743,0.7902097902097902,0.8192771084337349,0.8979035639412998,0.6539523396404762,DP-FedAvg (strong),7.0,0.3671872211865816
21,11,0.21832609501044967,0.7622377622377622,0.7926829268292683,0.89895178197065,0.6932005074725726,DP-FedAvg (strong),7.0,0.37233956851265543
21,12,0.23697617144299868,0.7902097902097902,0.8192771084337349,0.9077568134171907,0.6245768485724095,DP-FedAvg (strong),7.0,0.38128955511198537
21,13,0.18841223881051927,0.8391608391608392,0.863905325443787,0.9268343815513627,0.5309031470218172,DP-FedAvg (strong),7.0,0.3045310988726024
21,14,0.20429810603863624,0.8461538461538461,0.8705882352941177,0.9226415094339623,0.562583469739137,DP-FedAvg (strong),7.0,0.342701416462028
21,15,0.19563286384526835,0.8321678321678322,0.8571428571428571,0.9222222222222223,0.6193025961458622,DP-FedAvg (strong),7.0,0.35333155979028547
21,16,0.1681031814010959,0.8321678321678322,0.8588235294117647,0.9247379454926625,0.5839543689764055,DP-FedAvg (strong),7.0,0.29070367915209977
21,17,0.17687881815970868,0.8251748251748252,0.8502994011976048,0.9117400419287212,0.6709810126497644,DP-FedAvg (strong),7.0,0.34403479333762954
21,18,0.19701313329277814,0.8041958041958042,0.8271604938271605,0.9067085953878407,0.7214548928785286,DP-FedAvg (strong),7.0,0.33595937130741
21,19,0.14988962612025236,0.8111888111888111,0.8322981366459627,0.9171907756813418,0.7015125364941303,DP-FedAvg (strong),7.0,0.2812161013685199
21,20,0.2011485984767838,0.8391608391608392,0.8606060606060606,0.9213836477987422,0.6900324063989892,DP-FedAvg (strong),7.0,0.3748467448518279
21,21,0.22964239672125045,0.8181818181818182,0.8395061728395061,0.9238993710691824,0.6865603365696358,DP-FedAvg (strong),7.0,0.3458760107312702
21,22,0.2784048989263007,0.8041958041958042,0.825,0.929979035639413,0.6571889357011732,DP-FedAvg (strong),7.0,0.3240338070295521
21,23,0.15580456991253144,0.7972027972027972,0.8220858895705522,0.9285115303983229,0.7261247657846256,DP-FedAvg (strong),7.0,0.4041953892288549
21,24,0.19989926354181276,0.7832167832167832,0.8074534161490683,0.9184486373165619,0.7797812544529616,DP-FedAvg (strong),7.0,0.34040879354001646
21,25,0.15821670725422962,0.7692307692307693,0.7975460122699386,0.9159329140461216,0.787072375934509,DP-FedAvg (strong),7.0,0.3672768944249661
21,26,0.1114575709775189,0.7902097902097902,0.8125,0.9176100628930818,0.8065054842568206,DP-FedAvg (strong),7.0,0.26343067054564806
21,27,0.1443582154852952,0.7972027972027972,0.8198757763975155,0.920335429769392,0.8352368212499168,DP-FedAvg (strong),7.0,0.27814250035680194
21,28,0.15770714943962547,0.8181818181818182,0.8433734939759037,0.9180293501048218,0.7988475416781142,DP-FedAvg (strong),7.0,0.27544747696942185
21,29,0.10661686692268854,0.7972027972027972,0.8198757763975155,0.9136268343815513,0.8323909931040007,DP-FedAvg (strong),7.0,0.23182215975542492
21,30,0.1351180435834819,0.8041958041958042,0.825,0.9184486373165618,0.8611962977053561,DP-FedAvg (strong),7.0,0.2815304185310766
21,1,0.19339219270309072,0.951048951048951,0.9608938547486033,0.9935010482180294,0.36879610248010997,GossipAvg,10.0,0.45611345959955873
21,2,0.14153685633660346,0.958041958041958,0.9662921348314607,0.9941299790356395,0.2818761364543934,GossipAvg,10.0,0.2747235635907846
21,3,0.11303871312904394,0.951048951048951,0.9608938547486033,0.9951781970649896,0.23927265191181946,GossipAvg,10.0,0.2017043710611801
21,4,0.0974076927894763,0.958041958041958,0.9662921348314607,0.9955974842767296,0.21191864797614388,GossipAvg,10.0,0.16750212760679353
21,5,0.08655607778830536,0.958041958041958,0.9662921348314607,0.9962264150943396,0.19365022868851697,GossipAvg,10.0,0.14665074709122417
21,6,0.07834594984891477,0.958041958041958,0.9662921348314607,0.9972746331236897,0.179600845251039,GossipAvg,10.0,0.13881819055623248
21,7,0.07220088787282927,0.958041958041958,0.9662921348314607,0.9972746331236897,0.16823241627264102,GossipAvg,10.0,0.12234122052783132
21,8,0.06681049504004924,0.958041958041958,0.9662921348314607,0.9974842767295597,0.158878754583688,GossipAvg,10.0,0.11568026247950616
21,9,0.062923149516758,0.958041958041958,0.9662921348314607,0.9976939203354298,0.15113192914926094,GossipAvg,10.0,0.10904953874306048
21,10,0.05929580913769429,0.965034965034965,0.9720670391061452,0.9976939203354298,0.14468030329387396,GossipAvg,10.0,0.10365526205959799
21,11,0.05667808580100703,0.965034965034965,0.9720670391061452,0.9976939203354298,0.1393648821825251,GossipAvg,10.0,0.0955021518779143
21,12,0.053617027139870654,0.965034965034965,0.9720670391061452,0.9979035639412999,0.13431021695376671,GossipAvg,10.0,0.09388669370748785
21,13,0.05168308693420994,0.965034965034965,0.9720670391061452,0.9983228511530399,0.13006246186953926,GossipAvg,10.0,0.0877996051336073
21,14,0.04928487454690052,0.972027972027972,0.9777777777777777,0.9985324947589098,0.12626616473124752,GossipAvg,10.0,0.08845382663913919
21,15,0.04737434726656113,0.972027972027972,0.9777777777777777,0.9987421383647799,0.12265651726377928,GossipAvg,10.0,0.0908516901708947
21,16,0.04582155182079553,0.9790209790209791,0.9834254143646409,0.9987421383647799,0.11955280058159125,GossipAvg,10.0,0.08157317002299579
21,17,0.044341916507103576,0.9790209790209791,0.9834254143646409,0.9987421383647799,0.11663526326329464,GossipAvg,10.0,0.07893128822956726
21,18,0.0431120538832363,0.986013986013986,0.989010989010989,0.9987421383647799,0.11409270104026976,GossipAvg,10.0,0.07519094044110237
21,19,0.04158261096823555,0.986013986013986,0.989010989010989,0.9987421383647799,0.11165839227262316,GossipAvg,10.0,0.07793901320277474
21,20,0.040657764312100886,0.986013986013986,0.989010989010989,0.9987421383647799,0.10952179978716485,GossipAvg,10.0,0.07185102257559288
21,21,0.03972939821257499,0.986013986013986,0.989010989010989,0.9987421383647799,0.10763297172834833,GossipAvg,10.0,0.06911770448691658
21,22,0.038703113723949883,0.986013986013986,0.989010989010989,0.9987421383647799,0.1057434618578806,GossipAvg,10.0,0.06834002170276571
21,23,0.037564895990569266,0.986013986013986,0.989010989010989,0.9987421383647799,0.10400548223964567,GossipAvg,10.0,0.0698404704467872
21,24,0.036647135150765654,0.986013986013986,0.989010989010989,0.9987421383647799,0.10237532702108708,GossipAvg,10.0,0.06718747347233378
21,25,0.03561431793607746,0.986013986013986,0.989010989010989,0.9989517819706499,0.10087152537609939,GossipAvg,10.0,0.07023592348303298
21,26,0.03499078655202271,0.986013986013986,0.989010989010989,0.9989517819706499,0.09940642408639463,GossipAvg,10.0,0.06349030235765925
21,27,0.034144469361414145,0.986013986013986,0.989010989010989,0.9991614255765199,0.09802020023401813,GossipAvg,10.0,0.06459902503015082
21,28,0.0332504497011921,0.986013986013986,0.989010989010989,0.9991614255765199,0.09670630397342628,GossipAvg,10.0,0.06678302626481303
21,29,0.032901663645787484,0.986013986013986,0.989010989010989,0.9991614255765199,0.0955848200608085,GossipAvg,10.0,0.05863927823654756
21,30,0.032184829728800116,0.986013986013986,0.989010989010989,0.9991614255765199,0.09453418994171324,GossipAvg,10.0,0.05915311264021783
21,1,0.19339219270309072,0.9090909090909091,0.9257142857142857,0.9750524109014675,0.3924288971513015,Local-DP Gossip,10.0,0.45611345959955873
21,2,0.14826248741145492,0.9230769230769231,0.9371428571428572,0.9846960167714884,0.3043380859257698,Local-DP Gossip,10.0,0.30275583359902225
21,3,0.12089000756984311,0.916083916083916,0.9310344827586207,0.9781970649895178,0.27634441514678626,Local-DP Gossip,10.0,0.22825063042772112
21,4,0.10272969249063917,0.9300699300699301,0.9431818181818182,0.979874213836478,0.2544904327650505,Local-DP Gossip,10.0,0.19346599105120088
21,5,0.09140689325552878,0.9370629370629371,0.9485714285714286,0.9828092243186584,0.2390779948052733,Local-DP Gossip,10.0,0.16719134341713762
21,6,0.08814711595238138,0.9440559440559441,0.9540229885057471,0.9851153039832286,0.22268060263878217,Local-DP Gossip,10.0,0.16751808723560177
21,7,0.08072799287496589,0.9370629370629371,0.9479768786127167,0.9857442348008386,0.21196393712625272,Local-DP Gossip,10.0,0.1497998832990205
21,8,0.07108220570430893,0.9300699300699301,0.9418604651162791,0.9870020964360587,0.19542776162984352,Local-DP Gossip,10.0,0.150853075461
21,9,0.06549592360625792,0.9370629370629371,0.9479768786127167,0.9888888888888889,0.1823038624659548,Local-DP Gossip,10.0,0.13833513833956243
21,10,0.061686000712711464,0.9440559440559441,0.9540229885057471,0.9922431865828093,0.16447040509868943,Local-DP Gossip,10.0,0.12082992552233
21,11,0.05635730709677668,0.958041958041958,0.9659090909090909,0.9951781970649896,0.15156038609242364,Local-DP Gossip,10.0,0.11297956259986593
21,12,0.05394699237049053,0.958041958041958,0.9659090909090909,0.9960167714884696,0.14960859491851933,Local-DP Gossip,10.0,0.12156595647881956
21,13,0.05204664683611008,0.958041958041958,0.9659090909090909,0.9974842767295597,0.13802892426392782,Local-DP Gossip,10.0,0.10682333647033179
21,14,0.05364326724982804,0.965034965034965,0.9714285714285714,0.9974842767295597,0.13257825471724163,Local-DP Gossip,10.0,0.11513922670787188
21,15,0.052625408291304,0.972027972027972,0.9772727272727273,0.9972746331236897,0.12954125686075482,Local-DP Gossip,10.0,0.13413379932138156
21,16,0.04834216147276041,0.972027972027972,0.9772727272727273,0.9964360587002097,0.13293689711499865,Local-DP Gossip,10.0,0.10898097704409919
21,17,0.048458695976213835,0.965034965034965,0.9717514124293786,0.9953878406708596,0.13589188366004637,Local-DP Gossip,10.0,0.10234904945017412
21,18,0.04553208735943544,0.958041958041958,0.9659090909090909,0.9947589098532496,0.14279377951780997,Local-DP Gossip,10.0,0.09684487273247276
21,19,0.04725704491501436,0.9440559440559441,0.9540229885057471,0.9924528301886792,0.15405228151393552,Local-DP Gossip,10.0,0.11187956037416551
21,20,0.047274333083689696,0.951048951048951,0.96,0.9926624737945493,0.15360210774827893,Local-DP Gossip,10.0,0.10427033091290294
21,21,0.04778892449445335,0.965034965034965,0.9714285714285714,0.9932914046121594,0.14164754042963434,Local-DP Gossip,10.0,0.1091603751630997
21,22,0.04630452926653601,0.965034965034965,0.9714285714285714,0.9949685534591195,0.133924811017337,Local-DP Gossip,10.0,0.1051151827224023
21,23,0.04750471380677161,0.965034965034965,0.9714285714285714,0.9966457023060797,0.12772660418606274,Local-DP Gossip,10.0,0.11562741193492483
21,24,0.04440743050234523,0.951048951048951,0.96,0.9960167714884696,0.13101421887755046,Local-DP Gossip,10.0,0.10460727521324675
21,25,0.04500696963313716,0.965034965034965,0.9714285714285714,0.9966457023060797,0.13225524980737738,Local-DP Gossip,10.0,0.11943057709473155
21,26,0.0440490855235794,0.951048951048951,0.9595375722543352,0.9960167714884696,0.1297180813378015,Local-DP Gossip,10.0,0.09878555640637891
21,27,0.0424976542425561,0.958041958041958,0.9655172413793104,0.9958071278825996,0.12562581656556,Local-DP Gossip,10.0,0.10491477325558633
21,28,0.04048274142631457,0.958041958041958,0.9659090909090909,0.9964360587002097,0.12024371764362579,Local-DP Gossip,10.0,0.10789456990285229
21,29,0.039572666844292594,0.965034965034965,0.9714285714285714,0.9972746331236897,0.11584645188046805,Local-DP Gossip,10.0,0.08655507187454728
21,30,0.040692910068375374,0.965034965034965,0.9717514124293786,0.9979035639412999,0.11358500998132338,Local-DP Gossip,10.0,0.09317993714071801
42,1,0.005916714965107455,0.9370629370629371,0.9485714285714286,0.9905660377358491,0.14560772412136713,,,
42,1,0.17777810725084991,0.9300699300699301,0.9425287356321839,0.9903563941299791,0.3661457883875935,FedAvg,7.0,0.4629627938369388
42,2,0.13566353810251644,0.9300699300699301,0.9425287356321839,0.989937106918239,0.2839626315653335,FedAvg,7.0,0.28681312933967257
42,3,0.1134722147819374,0.9300699300699301,0.9425287356321839,0.989937106918239,0.25282643780110586,FedAvg,7.0,0.1987625771265232
42,4,0.1019775928298836,0.9370629370629371,0.9485714285714286,0.989937106918239,0.23140658704534842,FedAvg,7.0,0.1878689626419352
42,5,0.09267802396181628,0.9370629370629371,0.9485714285714286,0.990146750524109,0.2146383366538598,FedAvg,7.0,0.1692639694379743
42,6,0.08158378105293695,0.9370629370629371,0.9485714285714286,0.9897274633123689,0.20505486768583492,FedAvg,7.0,0.16904334015257902
42,7,0.08048506404016152,0.9370629370629371,0.9485714285714286,0.9907756813417191,0.19294913832181051,FedAvg,7.0,0.14420808526825563
42,8,0.06782496888235613,0.9370629370629371,0.9485714285714286,0.990146750524109,0.18777432887475576,FedAvg,7.0,0.13221733157936025
42,9,0.07187618896142797,0.9370629370629371,0.9485714285714286,0.9903563941299791,0.18243272001274435,FedAvg,7.0,0.13271933495879587
42,10,0.06397733912617282,0.9370629370629371,0.9485714285714286,0.9903563941299791,0.17825469253095286,FedAvg,7.0,0.13237235890031954
42,11,0.05704280491347656,0.9370629370629371,0.9485714285714286,0.990146750524109,0.17375334584474272,FedAvg,7.0,0.11521047316166493
42,12,0.057713267158919626,0.9370629370629371,0.9485714285714286,0.9907756813417191,0.17000931558404686,FedAvg,7.0,0.10948984227941665
42,13,0.05096972197777167,0.9300699300699301,0.9431818181818182,0.9905660377358491,0.16640790808533826,FedAvg,7.0,0.09732119688949392
42,14,0.05248912227383051,0.9230769230769231,0.9371428571428572,0.9903563941299791,0.16518205927389396,FedAvg,7.0,0.11002240845068578
42,15,0.04619679997824658,0.9230769230769231,0.9371428571428572,0.9903563941299791,0.16279215741360795,FedAvg,7.0,0.08614377690309019
42,16,0.05023045068962643,0.9230769230769231,0.9371428571428572,0.9903563941299791,0.16173831104633424,FedAvg,7.0,0.0981051994345764
42,17,0.04573452194400574,0.9230769230769231,0.9371428571428572,0.9903563941299791,0.16030484996387084,FedAvg,7.0,0.10566439855059791
42,18,0.04568008416203879,0.9230769230769231,0.9371428571428572,0.9905660377358491,0.15849821449408982,FedAvg,7.0,0.09501752239502269
42,19,0.04085459307648589,0.9230769230769231,0.9371428571428572,0.9907756813417191,0.1570486497994019,FedAvg,7.0,0.082632863091837
42,20,0.042974514398743814,0.9230769230769231,0.9371428571428572,0.9907756813417191,0.1571477096316694,FedAvg,7.0,0.0886816926357086
42,21,0.03699045254475221,0.9230769230769231,0.9371428571428572,0.9905660377358491,0.15559698656649998,FedAvg,7.0,0.0771280026408028
42,22,0.04210894321504682,0.9230769230769231,0.9371428571428572,0.9903563941299791,0.15490248082575722,FedAvg,7.0,0.08194683225439603
42,23,0.0390977347349248,0.9230769230769231,0.9371428571428572,0.990146750524109,0.15445671542457362,FedAvg,7.0,0.079777465834132
42,24,0.03418808693145923,0.9230769230769231,0.9371428571428572,0.990146750524109,0.15396425182862944,FedAvg,7.0,0.0800367454030442
42,25,0.03521414024279232,0.9230769230769231,0.9371428571428572,0.9903563941299791,0.1524096659012392,FedAvg,7.0,0.07261982717098395
42,26,0.0367190031807428,0.9230769230769231,0.9371428571428572,0.9905660377358491,0.15268324311060105,FedAvg,7.0,0.07455706592838496
42,27,0.032444092153458254,0.9230769230769231,0.9371428571428572,0.989937106918239,0.15254163010120925,FedAvg,7.0,0.06895067809859261
42,28,0.03447431283710327,0.9230769230769231,0.9371428571428572,0.989937106918239,0.15262292969564142,FedAvg,7.0,0.0704567080730289
42,29,0.03330869572332059,0.9230769230769231,0.9371428571428572,0.9905660377358491,0.15052298951517204,FedAvg,7.0,0.06751309369084355
42,30,0.028868134209453923,0.9230769230769231,0.9371428571428572,0.9905660377358491,0.14954801020545166,FedAvg,7.0,0.06131525718804871
42,1,0.17777810725084991,0.9300699300699301,0.9425287356321839,0.9903563941299791,0.3661457883875921,Secure FedAvg,7.0,0.4629627938369388
42,2,0.135663538102516,0.9300699300699301,0.9425287356321839,0.989937106918239,0.2839626315653309,Secure FedAvg,7.0,0.2868131293396717
42,3,0.11347221478193682,0.9300699300699301,0.9425287356321839,0.989937106918239,0.25282643780110436,Secure FedAvg,7.0,0.1987625771265221
42,4,0.10197759282988332,0.9370629370629371,0.9485714285714286,0.989937106918239,0.23140658704534667,Secure FedAvg,7.0,0.18786896264193492
42,5,0.09267802396181568,0.9370629370629371,0.9485714285714286,0.990146750524109,0.21463833665385898,Secure FedAvg,7.0,0.16926396943797295
42,6,0.08158378105293636,0.9370629370629371,0.9485714285714286,0.9897274633123689,0.20505486768583492,Secure FedAvg,7.0,0.16904334015257821
42,7,0.08048506404016083,0.9370629370629371,0.9485714285714286,0.9907756813417191,0.19294913832181043,Secure FedAvg,7.0,0.14420808526825463
42,8,0.06782496888235584,0.9370629370629371,0.9485714285714286,0.990146750524109,0.1877743288747549,Secure FedAvg,7.0,0.13221733157936005
42,9,0.07187618896142711,0.9370629370629371,0.9485714285714286,0.9903563941299791,0.18243272001274285,Secure FedAvg,7.0,0.13271933495879487
42,10,0.06397733912617212,0.9370629370629371,0.9485714285714286,0.9903563941299791,0.17825469253095216,Secure FedAvg,7.0,0.13237235890031807
42,11,0.05704280491347621,0.9370629370629371,0.9485714285714286,0.990146750524109,0.17375334584474345,Secure FedAvg,7.0,0.11521047316166529
42,12,0.05771326715891925,0.9370629370629371,0.9485714285714286,0.9907756813417191,0.17000931558404625,Secure FedAvg,7.0,0.10948984227941638
42,13,0.05096972197777147,0.9300699300699301,0.9431818181818182,0.9905660377358491,0.16640790808533745,Secure FedAvg,7.0,0.09732119688949344
42,14,0.05248912227383021,0.9230769230769231,0.9371428571428572,0.9903563941299791,0.16518205927389304,Secure FedAvg,7.0,0.11002240845068527
42,15,0.04619679997824659,0.9230769230769231,0.9371428571428572,0.9903563941299791,0.16279215741360675,Secure FedAvg,7.0,0.08614377690309083
42,16,0.05023045068962632,0.9230769230769231,0.9371428571428572,0.9903563941299791,0.1617383110463327,Secure FedAvg,7.0,0.09810519943457637
42,17,0.04573452194400548,0.9230769230769231,0.9371428571428572,0.9903563941299791,0.16030484996386957,Secure FedAvg,7.0,0.10566439855059781
42,18,0.0456800841620388,0.9230769230769231,0.9371428571428572,0.9905660377358491,0.15849821449408927,Secure FedAvg,7.0,0.09501752239502313
42,19,0.04085459307648576,0.9230769230769231,0.9371428571428572,0.9907756813417191,0.15704864979940067,Secure FedAvg,7.0,0.08263286309183696
42,20,0.042974514398744036,0.9230769230769231,0.9371428571428572,0.9907756813417191,0.1571477096316684,Secure FedAvg,7.0,0.08868169263570912
42,21,0.036990452544752375,0.9230769230769231,0.9371428571428572,0.9905660377358491,0.1555969865664991,Secure FedAvg,7.0,0.07712800264080284
42,22,0.04210894321504701,0.9230769230769231,0.9371428571428572,0.9903563941299791,0.15490248082575622,Secure FedAvg,7.0,0.08194683225439621
42,23,0.03909773473492527,0.9230769230769231,0.9371428571428572,0.990146750524109,0.15445671542457282,Secure FedAvg,7.0,0.07977746583413292
42,24,0.03418808693145939,0.9230769230769231,0.9371428571428572,0.990146750524109,0.1539642518286278,Secure FedAvg,7.0,0.08003674540304474
42,25,0.03521414024279234,0.9230769230769231,0.9371428571428572,0.9903563941299791,0.15240966590123672,Secure FedAvg,7.0,0.07261982717098346
42,26,0.036719003180742574,0.9230769230769231,0.9371428571428572,0.9905660377358491,0.1526832431105988,Secure FedAvg,7.0,0.07455706592838372
42,27,0.03244409215345825,0.9230769230769231,0.9371428571428572,0.989937106918239,0.15254163010120728,Secure FedAvg,7.0,0.06895067809859237
42,28,0.03447431283710287,0.9230769230769231,0.9371428571428572,0.989937106918239,0.15262292969563926,Secure FedAvg,7.0,0.07045670807302767
42,29,0.03330869572332003,0.9230769230769231,0.9371428571428572,0.9905660377358491,0.15052298951516896,Secure FedAvg,7.0,0.0675130936908421
42,30,0.028868134209453552,0.9230769230769231,0.9371428571428572,0.9905660377358491,0.14954801020544858,Secure FedAvg,7.0,0.06131525718804757
42,1,0.17777810725084991,0.9090909090909091,0.9248554913294798,0.9767295597484278,0.37207970197128293,DP-FedAvg (moderate),7.0,0.4629627938369388
42,2,0.13636675711084664,0.9300699300699301,0.9431818181818182,0.9870020964360587,0.29650839092925996,DP-FedAvg (moderate),7.0,0.29298002101858184
42,3,0.11526413206563901,0.9090909090909091,0.9273743016759777,0.9832285115303984,0.26171060675360697,DP-FedAvg (moderate),7.0,0.20847601608947514
42,4,0.10388378345614344,0.9230769230769231,0.9371428571428572,0.9865828092243187,0.24113630475417136,DP-FedAvg (moderate),7.0,0.20183510261480642
42,5,0.09397655530337166,0.9090909090909091,0.9248554913294798,0.9882599580712789,0.21949029914089901,DP-FedAvg (moderate),7.0,0.1796072319877844
42,6,0.08279597962753943,0.9090909090909091,0.9248554913294798,0.9884696016771488,0.21265654266693132,DP-FedAvg (moderate),7.0,0.18967961361127092
42,7,0.08648753625064383,0.9300699300699301,0.9425287356321839,0.9907756813417191,0.1899673574136356,DP-FedAvg (moderate),7.0,0.17514461569711978
42,8,0.07090566396621514,0.9370629370629371,0.9485714285714286,0.9918238993710692,0.18067594822167204,DP-FedAvg (moderate),7.0,0.15064535501358395
42,9,0.07779633919058264,0.9440559440559441,0.9545454545454546,0.989937106918239,0.1782853157944307,DP-FedAvg (moderate),7.0,0.16253701001542303
42,10,0.06793933241175806,0.9370629370629371,0.9485714285714286,0.9884696016771489,0.1833601124792595,DP-FedAvg (moderate),7.0,0.15579525932311006
42,11,0.0619691556909648,0.9230769230769231,0.935672514619883,0.9888888888888889,0.1816778528565168,DP-FedAvg (moderate),7.0,0.14966406616154773
42,12,0.06299728845127134,0.9300699300699301,0.9418604651162791,0.9888888888888889,0.17942054228219526,DP-FedAvg (moderate),7.0,0.14140811234038317
42,13,0.05432519752560265,0.9020979020979021,0.9176470588235294,0.9880503144654089,0.18124103509840128,DP-FedAvg (moderate),7.0,0.12898747157993268
42,14,0.0584162752228081,0.9020979020979021,0.9166666666666666,0.9874213836477989,0.18767382881760747,DP-FedAvg (moderate),7.0,0.14749707117050573
42,15,0.050099429344962004,0.9090909090909091,0.9230769230769231,0.9846960167714885,0.19570322488314923,DP-FedAvg (moderate),7.0,0.11540922192362933
42,16,0.05702532204231373,0.8951048951048951,0.9112426035502958,0.9830188679245284,0.20542176774737927,DP-FedAvg (moderate),7.0,0.13129764799828492
42,17,0.05285257255436983,0.8881118881118881,0.9058823529411765,0.9811320754716981,0.20895490566022765,DP-FedAvg (moderate),7.0,0.14562327451723248
42,18,0.05541002702133595,0.8881118881118881,0.9058823529411765,0.9823899371069182,0.20698129352862782,DP-FedAvg (moderate),7.0,0.13943299756877983
42,19,0.04810224041230358,0.8951048951048951,0.9112426035502958,0.9773584905660377,0.2196428816472385,DP-FedAvg (moderate),7.0,0.12408369428459402
42,20,0.052435700740376984,0.8881118881118881,0.9058823529411765,0.9769392033542977,0.22064919302622313,DP-FedAvg (moderate),7.0,0.1307698395349657
42,21,0.0422020830955691,0.8951048951048951,0.9122807017543859,0.9769392033542977,0.22351576522110056,DP-FedAvg (moderate),7.0,0.11285131103448033
42,22,0.05309327039031093,0.9020979020979021,0.9176470588235294,0.9763102725366877,0.2238543162476597,DP-FedAvg (moderate),7.0,0.12314272032252009
42,23,0.04691444646301003,0.9090909090909091,0.9248554913294798,0.9758909853249477,0.2258520432290649,DP-FedAvg (moderate),7.0,0.11592139356177202
42,24,0.03887780800788441,0.9020979020979021,0.9186046511627907,0.9731656184486374,0.22768138476983654,DP-FedAvg (moderate),7.0,0.10819530166490565
42,25,0.04274017893036292,0.8951048951048951,0.9122807017543859,0.9721174004192873,0.2334904802125754,DP-FedAvg (moderate),7.0,0.11729164962770477
42,26,0.047017702234328954,0.9020979020979021,0.9186046511627907,0.9727463312368974,0.23476534592150583,DP-FedAvg (moderate),7.0,0.11633194259819768
42,27,0.04116646565219334,0.8951048951048951,0.9132947976878613,0.9742138364779874,0.2258459665485787,DP-FedAvg (moderate),7.0,0.10987252359785742
42,28,0.04251190893803477,0.9090909090909091,0.9239766081871345,0.9765199161425577,0.22395047709269053,DP-FedAvg (moderate),7.0,0.10757159928544073
42,29,0.03952855329705987,0.9090909090909091,0.9239766081871345,0.9769392033542976,0.21515964982798733,DP-FedAvg (moderate),7.0,0.10391626483243203
42,30,0.03482062933988908,0.916083916083916,0.9302325581395349,0.9805031446540882,0.2059409764528993,DP-FedAvg (moderate),7.0,0.09816225659926167
42,1,0.17777810725084991,0.7762237762237763,0.8024691358024691,0.8660377358490565,0.493929917082236,DP-FedAvg (strong),7.0,0.4629627938369388
42,2,0.15281057754184976,0.8111888111888111,0.8343558282208589,0.9025157232704403,0.4505561009433089,DP-FedAvg (strong),7.0,0.3745165677168975
42,3,0.14623808225361803,0.7972027972027972,0.8284023668639053,0.8880503144654088,0.47390115734105676,DP-FedAvg (strong),7.0,0.2980288564546821
42,4,0.15472583176467739,0.7902097902097902,0.8192771084337349,0.8970649895178197,0.4695778110954861,DP-FedAvg (strong),7.0,0.3170423084117409
42,5,0.13696547443294846,0.8041958041958042,0.8292682926829268,0.9236897274633123,0.44151173074391736,DP-FedAvg (strong),7.0,0.28302253032690017
42,6,0.1294030997219532,0.7692307692307693,0.8,0.9238993710691824,0.4566110506794599,DP-FedAvg (strong),7.0,0.32084344415524885
42,7,0.16252103756376862,0.8321678321678322,0.8588235294117647,0.9492662473794549,0.3798357142459216,DP-FedAvg (strong),7.0,0.3273239922224307
42,8,0.12202691473752661,0.8671328671328671,0.8875739644970414,0.9576519916142558,0.3496440575584634,DP-FedAvg (strong),7.0,0.27555569654129364
42,9,0.18608644472221542,0.8531468531468531,0.8757396449704142,0.9559748427672956,0.37685728637854554,DP-FedAvg (strong),7.0,0.3053557000711523
42,10,0.13599988223080778,0.8671328671328671,0.8888888888888888,0.9492662473794549,0.41886093540377417,DP-FedAvg (strong),7.0,0.2988921935461878
42,11,0.14730246272231454,0.8461538461538461,0.8690476190476191,0.940041928721174,0.45921296397055467,DP-FedAvg (strong),7.0,0.3079679763602012
42,12,0.16464912920532052,0.8531468531468531,0.8771929824561403,0.9446540880503145,0.4390622671076606,DP-FedAvg (strong),7.0,0.29773129901998313
42,13,0.12558937851888144,0.8671328671328671,0.8875739644970414,0.9448637316561844,0.4634067849962964,DP-FedAvg (strong),7.0,0.29229478867996483
42,14,0.17131881111198657,0.8461538461538461,0.8690476190476191,0.9423480083857443,0.513063165738841,DP-FedAvg (strong),7.0,0.3000821516679914
42,15,0.12747358844994688,0.8461538461538461,0.8705882352941177,0.9354297693920335,0.5581330929671537,DP-FedAvg (strong),7.0,0.26674862454481607
42,16,0.16973953200136316,0.8251748251748252,0.8502994011976048,0.9259958071278827,0.6401975472606769,DP-FedAvg (strong),7.0,0.28511494793831627
42,17,0.18785001025526946,0.8321678321678322,0.8588235294117647,0.9184486373165618,0.7220640430919054,DP-FedAvg (strong),7.0,0.3211512683369966
42,18,0.1990502135514954,0.8251748251748252,0.8484848484848485,0.9245283018867925,0.6955877666626058,DP-FedAvg (strong),7.0,0.3378830101249325
42,19,0.19157144341501178,0.8111888111888111,0.8363636363636363,0.9123689727463312,0.8022796996253808,DP-FedAvg (strong),7.0,0.2792202122384135
42,20,0.20577932848915864,0.7902097902097902,0.8170731707317073,0.9157232704402516,0.8025190817709086,DP-FedAvg (strong),7.0,0.30381112381827435
42,21,0.14959804930860507,0.7972027972027972,0.8242424242424242,0.9136268343815513,0.8160028683863997,DP-FedAvg (strong),7.0,0.2950869767163536
42,22,0.21800941586452727,0.8111888111888111,0.8402366863905325,0.9174004192872117,0.7869612689592498,DP-FedAvg (strong),7.0,0.2973894845153115
42,23,0.16733931580157482,0.8041958041958042,0.8352941176470589,0.9113207547169812,0.7598987734812052,DP-FedAvg (strong),7.0,0.2960868275622478
42,24,0.10793281914098247,0.8111888111888111,0.8421052631578947,0.9136268343815513,0.7992665654323772,DP-FedAvg (strong),7.0,0.2987600825070788
42,25,0.17948365779830588,0.8041958041958042,0.8352941176470589,0.9121593291404612,0.8441094206777663,DP-FedAvg (strong),7.0,0.2909439974692728
42,26,0.19756003507862788,0.8041958041958042,0.8352941176470589,0.9073375262054507,0.8764138248837003,DP-FedAvg (strong),7.0,0.28905742196523276
42,27,0.17889528128249718,0.7972027972027972,0.8304093567251462,0.9109014675052411,0.822586490184458,DP-FedAvg (strong),7.0,0.2928478124640225
42,28,0.16812723645155042,0.8181818181818182,0.8470588235294118,0.9228511530398323,0.7903179241058388,DP-FedAvg (strong),7.0,0.26203975188553275
42,29,0.16126085650285618,0.8461538461538461,0.872093023255814,0.9234800838574424,0.7728645854187469,DP-FedAvg (strong),7.0,0.275900574889585
42,30,0.12550939947165624,0.8321678321678322,0.8571428571428571,0.9314465408805032,0.7130982953658889,DP-FedAvg (strong),7.0,0.2817130231040459
42,1,0.18362046274249716,0.9300699300699301,0.9444444444444444,0.9884696016771488,0.4009112243663111,GossipAvg,10.0,0.44419758446823526
42,2,0.1346853222640206,0.9370629370629371,0.9497206703910615,0.9897274633123689,0.31960651803261925,GossipAvg,10.0,0.2605256957158971
42,3,0.10638315116138697,0.9370629370629371,0.9497206703910615,0.9905660377358491,0.2799972655671139,GossipAvg,10.0,0.1886509555896031
42,4,0.09059893838638995,0.9300699300699301,0.9438202247191011,0.9903563941299791,0.2553232413508914,GossipAvg,10.0,0.1594225629745911
42,5,0.08006156400646869,0.9300699300699301,0.9438202247191011,0.989937106918239,0.2377852075175228,GossipAvg,10.0,0.13808693660368607
42,6,0.07213891036758084,0.9300699300699301,0.9438202247191011,0.9903563941299791,0.22440866475731305,GossipAvg,10.0,0.12582086350987715
42,7,0.06612122096034427,0.9370629370629371,0.9491525423728814,0.9903563941299791,0.2142385703307282,GossipAvg,10.0,0.1158046163764755
42,8,0.06156632313137672,0.9370629370629371,0.9491525423728814,0.9907756813417191,0.20568277396251497,GossipAvg,10.0,0.10719105709305903
42,9,0.05776273919085732,0.9370629370629371,0.9491525423728814,0.9907756813417191,0.19873825223865862,GossipAvg,10.0,0.0998713330233316
42,10,0.05452957132242414,0.9370629370629371,0.9491525423728814,0.9907756813417191,0.1930063440760025,GossipAvg,10.0,0.0945693550727718
42,11,0.05179623604945116,0.9370629370629371,0.9491525423728814,0.9907756813417191,0.18802649492695606,GossipAvg,10.0,0.0915773472312749
42,12,0.04942716762977505,0.9370629370629371,0.9491525423728814,0.9909853249475891,0.18355157850640785,GossipAvg,10.0,0.08665470375750231
42,13,0.047435824596204074,0.9440559440559441,0.9545454545454546,0.9909853249475891,0.17960803054284075,GossipAvg,10.0,0.0827748913434226
42,14,0.04546556238794478,0.9440559440559441,0.9545454545454546,0.9909853249475891,0.17627776181555244,GossipAvg,10.0,0.08061915710638329
42,15,0.043795264915445706,0.9440559440559441,0.9545454545454546,0.9911949685534591,0.17321818987798113,GossipAvg,10.0,0.07823048716298285
42,16,0.04229291660710242,0.9440559440559441,0.9545454545454546,0.9911949685534591,0.1705088174194294,GossipAvg,10.0,0.07540320896880118
42,17,0.04096600786245792,0.9440559440559441,0.9545454545454546,0.9914046121593292,0.16804390657223597,GossipAvg,10.0,0.07324162463142989
42,18,0.03962211470923544,0.9440559440559441,0.9545454545454546,0.9914046121593292,0.16582553055069577,GossipAvg,10.0,0.07200192869906422
42,19,0.03856078954546846,0.9440559440559441,0.9545454545454546,0.9914046121593292,0.16376271683541496,GossipAvg,10.0,0.06912984505728421
42,20,0.0374265607533217,0.9440559440559441,0.9545454545454546,0.9916142557651992,0.16192989474124164,GossipAvg,10.0,0.06844555612755154
42,21,0.036441350646997606,0.9440559440559441,0.9545454545454546,0.9916142557651992,0.160291317326884,GossipAvg,10.0,0.06706729052677828
42,22,0.03559716216763328,0.9440559440559441,0.9545454545454546,0.9916142557651992,0.15860131737549704,GossipAvg,10.0,0.06505195536852493
42,23,0.034720817585420984,0.9440559440559441,0.9545454545454546,0.9916142557651992,0.1571549198808793,GossipAvg,10.0,0.0633344511526843
42,24,0.03387079133179467,0.9440559440559441,0.9545454545454546,0.9916142557651992,0.155753574358596,GossipAvg,10.0,0.06261615281289162
42,25,0.033085108617508095,0.9440559440559441,0.9545454545454546,0.9916142557651992,0.15456961132058275,GossipAvg,10.0,0.06128956749018198
42,26,0.03254182582602756,0.9440559440559441,0.9545454545454546,0.9916142557651992,0.1533720192719563,GossipAvg,10.0,0.05825014860332872
42,27,0.03173776201181273,0.9440559440559441,0.9545454545454546,0.9916142557651992,0.15221559532897946,GossipAvg,10.0,0.05826217409262887
42,28,0.031004185940092556,0.9440559440559441,0.9545454545454546,0.9918238993710692,0.15123407482085036,GossipAvg,10.0,0.05825390762241658
42,29,0.030292646532753646,0.9440559440559441,0.9545454545454546,0.9918238993710692,0.15030691502984073,GossipAvg,10.0,0.05784060879229637
42,30,0.029800321530650133,0.9440559440559441,0.9545454545454546,0.9918238993710692,0.14942504362551665,GossipAvg,10.0,0.05578088278974012
42,1,0.18362046274249716,0.9090909090909091,0.9248554913294798,0.9788259958071279,0.4030580909219528,Local-DP Gossip,10.0,0.44419758446823526
42,2,0.13492450405896225,0.9090909090909091,0.9257142857142857,0.9817610062893082,0.32253569450790065,Local-DP Gossip,10.0,0.2686812567360805
42,3,0.10312047117750063,0.9230769230769231,0.9371428571428572,0.9867924528301888,0.2634685082508811,Local-DP Gossip,10.0,0.19808226674448454
42,4,0.08789528199026427,0.9230769230769231,0.9371428571428572,0.9874213836477987,0.2441580185153667,Local-DP Gossip,10.0,0.17009953181114443
42,5,0.07860928959750849,0.9230769230769231,0.9364161849710982,0.9897274633123689,0.23200299932110155,Local-DP Gossip,10.0,0.15690849347846134
42,6,0.07555634435759606,0.9370629370629371,0.9479768786127167,0.9914046121593292,0.22406722298796086,Local-DP Gossip,10.0,0.1434795862987806
42,7,0.0735013052229463,0.9230769230769231,0.935672514619883,0.9903563941299791,0.21971959897889815,Local-DP Gossip,10.0,0.14758591392483061
42,8,0.06908792537657885,0.9230769230769231,0.9364161849710982,0.9909853249475892,0.21119117805931067,Local-DP Gossip,10.0,0.1413672531113088
42,9,0.0674013242246767,0.916083916083916,0.9302325581395349,0.9916142557651992,0.2044457814000451,Local-DP Gossip,10.0,0.1325156483487525
42,10,0.06391725427003506,0.9300699300699301,0.9418604651162791,0.9928721174004194,0.20176740906805612,Local-DP Gossip,10.0,0.12891502725364143
42,11,0.06185443967909504,0.9300699300699301,0.9418604651162791,0.9914046121593292,0.1902211628519808,Local-DP Gossip,10.0,0.12438121446214645
42,12,0.055880267924778626,0.9300699300699301,0.9418604651162791,0.9920335429769392,0.18474925252308347,Local-DP Gossip,10.0,0.1165204910641289
42,13,0.05512530843627054,0.9230769230769231,0.935672514619883,0.9918238993710692,0.1736551410913753,Local-DP Gossip,10.0,0.11451041627106069
42,14,0.05154923870438971,0.9230769230769231,0.9364161849710982,0.989727463312369,0.1789327985347907,Local-DP Gossip,10.0,0.10991220419753338
42,15,0.052514894750659825,0.9090909090909091,0.9248554913294798,0.9884696016771488,0.18432667083951434,Local-DP Gossip,10.0,0.1140744508461202
42,16,0.052511094964177926,0.9090909090909091,0.9239766081871345,0.9886792452830189,0.17655946844888212,Local-DP Gossip,10.0,0.11093536787567523
42,17,0.050597701149964945,0.9370629370629371,0.9485714285714286,0.989937106918239,0.17606127069965652,Local-DP Gossip,10.0,0.10956900271390772
42,18,0.05005873619500464,0.9300699300699301,0.9425287356321839,0.9872117400419288,0.17846454436366135,Local-DP Gossip,10.0,0.10953555387020639
42,19,0.047816410759010275,0.916083916083916,0.9318181818181818,0.9853249475890986,0.18531357345097016,Local-DP Gossip,10.0,0.10410022868741373
42,20,0.04947574211745473,0.916083916083916,0.9318181818181818,0.9853249475890986,0.18176991941823684,Local-DP Gossip,10.0,0.10883155332178603
42,21,0.044568273417630505,0.9020979020979021,0.9204545454545454,0.9853249475890986,0.18869562071399737,Local-DP Gossip,10.0,0.09942594068816657
42,22,0.04493800223074877,0.9020979020979021,0.9204545454545454,0.9855345911949687,0.18423287708739944,Local-DP Gossip,10.0,0.10529532262061789
42,23,0.04400503595298476,0.916083916083916,0.9318181818181818,0.9857442348008386,0.1809310149142102,Local-DP Gossip,10.0,0.09999400120374767
42,24,0.04189021385024546,0.9090909090909091,0.9257142857142857,0.9821802935010483,0.191616743265569,Local-DP Gossip,10.0,0.09933179761578248
42,25,0.04219554307190375,0.916083916083916,0.9318181818181818,0.9817610062893082,0.1929151317933679,Local-DP Gossip,10.0,0.09494780919068566
42,26,0.0434244884990994,0.9230769230769231,0.9378531073446328,0.9828092243186584,0.18743035039290992,Local-DP Gossip,10.0,0.0993213312375419
42,27,0.04357885869422969,0.9370629370629371,0.9491525423728814,0.9811320754716981,0.18976196407709967,Local-DP Gossip,10.0,0.09498392098051442
42,28,0.04086412560086765,0.9440559440559441,0.9550561797752809,0.979874213836478,0.1919106690098193,Local-DP Gossip,10.0,0.09523645368897865
42,29,0.03932400296181176,0.9300699300699301,0.9431818181818182,0.980503144654088,0.18674075011436037,Local-DP Gossip,10.0,0.09596473006333579
42,30,0.037239063690537144,0.9370629370629371,0.9485714285714286,0.979035639412998,0.1938866922080713,Local-DP Gossip,10.0,0.09467771176368536
84,1,0.007104249745941318,0.9300699300699301,0.9456521739130435,0.9865828092243187,0.13876510010245807,,,
84,1,0.16986107135517547,0.958041958041958,0.967391304347826,0.9813417190775682,0.33915258831014344,FedAvg,7.0,0.4454442014661054
84,2,0.1291141151108305,0.958041958041958,0.967391304347826,0.9821802935010483,0.26125072220914886,FedAvg,7.0,0.26695742540185163
84,3,0.11029637501610227,0.965034965034965,0.9726775956284153,0.9821802935010483,0.22514449540996803,FedAvg,7.0,0.2176901812637884
84,4,0.088294752940298,0.965034965034965,0.9726775956284153,0.9836477987421384,0.20652746826400506,FedAvg,7.0,0.18686990922005078
84,5,0.08183857619426352,0.965034965034965,0.9726775956284153,0.9836477987421384,0.19400306069808027,FedAvg,7.0,0.1623551238371705
84,6,0.07615826883972356,0.965034965034965,0.9726775956284153,0.9832285115303984,0.18500291684384046,FedAvg,7.0,0.16662018331439216
84,7,0.07810465135302333,0.965034965034965,0.9726775956284153,0.9836477987421384,0.17981872973724833,FedAvg,7.0,0.1481803813467941
84,8,0.06442491564530614,0.965034965034965,0.9726775956284153,0.9834381551362683,0.1737924229150094,FedAvg,7.0,0.13818718749138073
84,9,0.07246702607328943,0.958041958041958,0.967032967032967,0.9838574423480084,0.1695216890474986,FedAvg,7.0,0.14568504785588
84,10,0.06617069609359177,0.958041958041958,0.967032967032967,0.9842767295597484,0.16674983940653024,FedAvg,7.0,0.13756591958578154
84,11,0.06497469380253292,0.958041958041958,0.967032967032967,0.9844863731656185,0.164484873633423,FedAvg,7.0,0.1288047153678898
84,12,0.05200909916903286,0.958041958041958,0.967032967032967,0.9840670859538785,0.1618908259809117,FedAvg,7.0,0.11667312903843874
84,13,0.05200120282552755,0.965034965034965,0.9726775956284153,0.9840670859538785,0.15941388068045556,FedAvg,7.0,0.12524987690880174
84,14,0.05580853176948515,0.965034965034965,0.9726775956284153,0.9849056603773585,0.15717149043789752,FedAvg,7.0,0.11814711029833509
84,15,0.04716772732001877,0.965034965034965,0.9726775956284153,0.9842767295597484,0.15532674811530925,FedAvg,7.0,0.1056828261988652
84,16,0.05182330800793128,0.965034965034965,0.9726775956284153,0.9853249475890986,0.15340585730481707,FedAvg,7.0,0.10917310504787278
84,17,0.042303097386952204,0.965034965034965,0.9726775956284153,0.9853249475890986,0.15176820195851026,FedAvg,7.0,0.09810371408135037
84,18,0.04780670413370685,0.965034965034965,0.9726775956284153,0.9859538784067086,0.1504243272901244,FedAvg,7.0,0.10487598429209387
84,19,0.04278540841565354,0.965034965034965,0.9726775956284153,0.9853249475890986,0.1495450066950657,FedAvg,7.0,0.0978318914464922
84,20,0.04392344980374686,0.958041958041958,0.967032967032967,0.9853249475890986,0.14846766419427493,FedAvg,7.0,0.10076110369798955
84,21,0.035570072968457704,0.958041958041958,0.967032967032967,0.9853249475890986,0.14767759982718304,FedAvg,7.0,0.08504741795375863
84,22,0.03663430590714866,0.958041958041958,0.967032967032967,0.9851153039832286,0.14686877088476255,FedAvg,7.0,0.08865129844394747
84,23,0.035434159444513315,0.951048951048951,0.9617486338797814,0.9851153039832286,0.14631345455390185,FedAvg,7.0,0.0923135807683962
84,24,0.03486171819316199,0.951048951048951,0.9617486338797814,0.9849056603773585,0.1453743598044837,FedAvg,7.0,0.09038255241836668
84,25,0.03801914221110206,0.958041958041958,0.967032967032967,0.9853249475890986,0.14468714523462048,FedAvg,7.0,0.09342315140636848
84,26,0.03543304810940702,0.951048951048951,0.9617486338797814,0.9851153039832286,0.14394333228459455,FedAvg,7.0,0.09036156807646835
84,27,0.040335896350852066,0.9440559440559441,0.9565217391304348,0.9853249475890986,0.14333289998876866,FedAvg,7.0,0.09083870703649755
84,28,0.0338981184341588,0.9440559440559441,0.9565217391304348,0.9853249475890986,0.14249461578083392,FedAvg,7.0,0.0866983064530801
84,29,0.029660330388816714,0.9440559440559441,0.9565217391304348,0.9855345911949686,0.14208960842445253,FedAvg,7.0,0.07646165318649342
84,30,0.03554843762920276,0.9440559440559441,0.9565217391304348,0.9857442348008386,0.1416348298814109,FedAvg,7.0,0.08383759232858386
84,1,0.16986107135517547,0.958041958041958,0.967391304347826,0.9813417190775682,0.33915258831014544,Secure FedAvg,7.0,0.4454442014661054
84,2,0.1291141151108307,0.958041958041958,0.967391304347826,0.9821802935010483,0.2612507222091504,Secure FedAvg,7.0,0.2669574254018522
84,3,0.11029637501610272,0.965034965034965,0.9726775956284153,0.9821802935010483,0.22514449540996992,Secure FedAvg,7.0,0.2176901812637892
84,4,0.08829475294029838,0.965034965034965,0.9726775956284153,0.9836477987421384,0.20652746826400584,Secure FedAvg,7.0,0.18686990922005164
84,5,0.08183857619426388,0.965034965034965,0.9726775956284153,0.9836477987421384,0.19400306069808,Secure FedAvg,7.0,0.16235512383717157
84,6,0.0761582688397236,0.965034965034965,0.9726775956284153,0.9832285115303984,0.18500291684384043,Secure FedAvg,7.0,0.1666201833143923
84,7,0.07810465135302386,0.965034965034965,0.9726775956284153,0.9836477987421384,0.17981872973724825,Secure FedAvg,7.0,0.14818038134679493
84,8,0.06442491564530645,0.965034965034965,0.9726775956284153,0.9834381551362683,0.17379242291500976,Secure FedAvg,7.0,0.1381871874913819
84,9,0.07246702607329004,0.958041958041958,0.967032967032967,0.9838574423480084,0.1695216890475006,Secure FedAvg,7.0,0.14568504785588146
84,10,0.06617069609359248,0.958041958041958,0.967032967032967,0.9842767295597484,0.16674983940653249,Secure FedAvg,7.0,0.13756591958578232
84,11,0.06497469380253375,0.958041958041958,0.967032967032967,0.9844863731656185,0.1644848736334255,Secure FedAvg,7.0,0.12880471536789181
84,12,0.05200909916903335,0.958041958041958,0.967032967032967,0.9840670859538785,0.1618908259809149,Secure FedAvg,7.0,0.11667312903844018
84,13,0.052001202825527795,0.965034965034965,0.9726775956284153,0.9840670859538785,0.15941388068045861,Secure FedAvg,7.0,0.12524987690880232
84,14,0.05580853176948572,0.965034965034965,0.9726775956284153,0.9849056603773585,0.15717149043790019,Secure FedAvg,7.0,0.11814711029833615
84,15,0.04716772732001903,0.965034965034965,0.9726775956284153,0.9842767295597484,0.15532674811531152,Secure FedAvg,7.0,0.10568282619886601
84,16,0.05182330800793197,0.965034965034965,0.9726775956284153,0.9853249475890986,0.15340585730481843,Secure FedAvg,7.0,0.1091731050478743
84,17,0.042303097386952565,0.965034965034965,0.9726775956284153,0.9853249475890986,0.15176820195851184,Secure FedAvg,7.0,0.09810371408135153
84,18,0.04780670413370724,0.965034965034965,0.9726775956284153,0.9859538784067086,0.15042432729012528,Secure FedAvg,7.0,0.10487598429209542
84,19,0.04278540841565378,0.965034965034965,0.9726775956284153,0.9853249475890986,0.14954500669506562,Secure FedAvg,7.0,0.09783189144649217
84,20,0.043923449803747225,0.958041958041958,0.967032967032967,0.9853249475890986,0.1484676641942747,Secure FedAvg,7.0,0.10076110369799086
84,21,0.035570072968458016,0.958041958041958,0.967032967032967,0.9853249475890986,0.14767759982718287,Secure FedAvg,7.0,0.08504741795375895
84,22,0.03663430590714891,0.958041958041958,0.967032967032967,0.9851153039832286,0.14686877088476183,Secure FedAvg,7.0,0.08865129844394762
84,23,0.0354341594445136,0.951048951048951,0.9617486338797814,0.9851153039832286,0.14631345455390155,Secure FedAvg,7.0,0.0923135807683968
84,24,0.03486171819316241,0.951048951048951,0.9617486338797814,0.9849056603773585,0.14537435980448263,Secure FedAvg,7.0,0.0903825524183677
84,25,0.03801914221110263,0.958041958041958,0.967032967032967,0.9853249475890986,0.14468714523461898,Secure FedAvg,7.0,0.0934231514063699
84,26,0.035433048109407415,0.951048951048951,0.9617486338797814,0.9851153039832286,0.1439433322845938,Secure FedAvg,7.0,0.09036156807646888
84,27,0.040335896350852295,0.9440559440559441,0.9565217391304348,0.9853249475890986,0.1433328999887679,Secure FedAvg,7.0,0.09083870703649836
84,28,0.03389811843415893,0.9440559440559441,0.9565217391304348,0.9853249475890986,0.14249461578083342,Secure FedAvg,7.0,0.08669830645308108
84,29,0.029660330388817074,0.9440559440559441,0.9565217391304348,0.9855345911949686,0.1420896084244521,Secure FedAvg,7.0,0.07646165318649475
84,30,0.035548437629203164,0.9440559440559441,0.9565217391304348,0.9857442348008386,0.1416348298814093,Secure FedAvg,7.0,0.08383759232858412
84,1,0.16986107135517547,0.9370629370629371,0.9508196721311475,0.9649895178197065,0.3569804471957374,DP-FedAvg (moderate),7.0,0.4454442014661054
84,2,0.12902196885268302,0.9300699300699301,0.945054945054945,0.9714884696016772,0.2763384762738722,DP-FedAvg (moderate),7.0,0.2733628894122654
84,3,0.10949701392675812,0.9370629370629371,0.9502762430939227,0.9710691823899371,0.23921289847873414,DP-FedAvg (moderate),7.0,0.2227719773080849
84,4,0.0901911944589397,0.951048951048951,0.9613259668508287,0.9733752620545074,0.21705586819787878,DP-FedAvg (moderate),7.0,0.20053257068194985
84,5,0.0800237227217935,0.9370629370629371,0.9508196721311475,0.9714884696016772,0.2105750091484534,DP-FedAvg (moderate),7.0,0.16647444678916987
84,6,0.072785654841072,0.9370629370629371,0.9502762430939227,0.9681341719077569,0.21180489258423815,DP-FedAvg (moderate),7.0,0.17324109259699014
84,7,0.07592507190817789,0.9440559440559441,0.9555555555555556,0.9651991614255766,0.22038045015467447,DP-FedAvg (moderate),7.0,0.15258169319275944
84,8,0.06623248094039778,0.9300699300699301,0.9444444444444444,0.9628930817610063,0.22641874801890377,DP-FedAvg (moderate),7.0,0.14947577351067043
84,9,0.0717955674275465,0.9300699300699301,0.945054945054945,0.9647798742138365,0.22195775229671136,DP-FedAvg (moderate),7.0,0.15186121458094706
84,10,0.06626851447376321,0.9230769230769231,0.9385474860335196,0.9622641509433962,0.22333663567891915,DP-FedAvg (moderate),7.0,0.15201655713127638
84,11,0.06319368784686609,0.9090909090909091,0.9265536723163842,0.9651991614255766,0.2152101010080781,DP-FedAvg (moderate),7.0,0.13623532961372678
84,12,0.054010545017064454,0.9230769230769231,0.9378531073446328,0.9605870020964361,0.21997428183025994,DP-FedAvg (moderate),7.0,0.1295745332240118
84,13,0.055450298752196474,0.916083916083916,0.9333333333333333,0.9628930817610063,0.22052286113075428,DP-FedAvg (moderate),7.0,0.14721107176881534
84,14,0.053990073111057205,0.9090909090909091,0.9273743016759777,0.9612159329140462,0.22739487109486356,DP-FedAvg (moderate),7.0,0.1236368604667943
84,15,0.051154339258472376,0.9020979020979021,0.9213483146067416,0.959748427672956,0.2346912565234918,DP-FedAvg (moderate),7.0,0.11866423941143543
84,16,0.04836896137934139,0.8951048951048951,0.9171270718232044,0.9607966457023062,0.23072042974367207,DP-FedAvg (moderate),7.0,0.10640879360017984
84,17,0.04206521672328271,0.8951048951048951,0.9171270718232044,0.9584905660377359,0.23293429394265064,DP-FedAvg (moderate),7.0,0.09866590442676791
84,18,0.04519890290168268,0.9020979020979021,0.9213483146067416,0.959958071278826,0.22396226943704275,DP-FedAvg (moderate),7.0,0.11205684759739598
84,19,0.04263991988075109,0.9090909090909091,0.9273743016759777,0.959748427672956,0.22496800661219057,DP-FedAvg (moderate),7.0,0.10677850387914267
84,20,0.04040247246234207,0.9090909090909091,0.9273743016759777,0.9616352201257862,0.22126076000353406,DP-FedAvg (moderate),7.0,0.09662986353497581
84,21,0.033069979209389755,0.8881118881118881,0.9120879120879121,0.9616352201257863,0.21199496595782674,DP-FedAvg (moderate),7.0,0.08575233457410956
84,22,0.037606990967345356,0.916083916083916,0.9333333333333333,0.9649895178197065,0.20432402951787576,DP-FedAvg (moderate),7.0,0.10015461497739653
84,23,0.03533752096783887,0.9230769230769231,0.9392265193370166,0.9643605870020965,0.20718402482031018,DP-FedAvg (moderate),7.0,0.10196763577794517
84,24,0.03526820560225469,0.9300699300699301,0.9444444444444444,0.9654088050314467,0.20248476049091055,DP-FedAvg (moderate),7.0,0.10244591669008736
84,25,0.036926520795229095,0.9020979020979021,0.9230769230769231,0.9651991614255766,0.2018966876166714,DP-FedAvg (moderate),7.0,0.0986738770518194
84,26,0.03719939493954704,0.9090909090909091,0.9281767955801105,0.9645702306079665,0.20939807145515815,DP-FedAvg (moderate),7.0,0.10565092050631217
84,27,0.043544629702337134,0.9020979020979021,0.9222222222222223,0.9641509433962265,0.21312562050152373,DP-FedAvg (moderate),7.0,0.10441276959897261
84,28,0.03698822286077201,0.9090909090909091,0.9273743016759777,0.9679245283018869,0.2011404340003474,DP-FedAvg (moderate),7.0,0.10187610281195099
84,29,0.032580322251018784,0.9020979020979021,0.9230769230769231,0.9666666666666668,0.20239927475893038,DP-FedAvg (moderate),7.0,0.09090976507637179
84,30,0.03792899961746174,0.9090909090909091,0.9273743016759777,0.968972746331237,0.2027893104826851,DP-FedAvg (moderate),7.0,0.10132402034371106
84,1,0.16986107135517547,0.7622377622377622,0.7951807228915663,0.8205450733752621,0.5341804457387311,DP-FedAvg (strong),7.0,0.4454442014661054
84,2,0.14000733165424134,0.8111888111888111,0.8363636363636363,0.8853249475890985,0.4580611466384559,DP-FedAvg (strong),7.0,0.35488267381934396
84,3,0.13662753997133104,0.8461538461538461,0.872093023255814,0.9186582809224318,0.4107485772078779,DP-FedAvg (strong),7.0,0.3325166985215356
84,4,0.123056099778773,0.8671328671328671,0.8888888888888888,0.9220125786163522,0.39677153926534925,DP-FedAvg (strong),7.0,0.3179363285776166
84,5,0.10552861849939861,0.8601398601398601,0.8863636363636364,0.929769392033543,0.4095232414079985,DP-FedAvg (strong),7.0,0.2655812617189302
84,6,0.11321125692677723,0.8251748251748252,0.8571428571428571,0.9023060796645702,0.47556056607875496,DP-FedAvg (strong),7.0,0.2709733675410518
84,7,0.104701033284321,0.8111888111888111,0.8439306358381503,0.8786163522012579,0.5884470303547142,DP-FedAvg (strong),7.0,0.24670093433910972
84,8,0.10349914104314183,0.7972027972027972,0.8323699421965318,0.8779874213836478,0.6206147516515644,DP-FedAvg (strong),7.0,0.28175810144029617
84,9,0.11031957487485847,0.8041958041958042,0.8372093023255814,0.8876310272536687,0.6516599529031608,DP-FedAvg (strong),7.0,0.27302772261027625
84,10,0.1109726987792491,0.8391608391608392,0.8654970760233918,0.8884696016771488,0.6783548242171892,DP-FedAvg (strong),7.0,0.2815705860052567
84,11,0.10809257478538753,0.8181818181818182,0.8470588235294118,0.890356394129979,0.6784345904592989,DP-FedAvg (strong),7.0,0.2352115814246383
84,12,0.11102173258584305,0.8251748251748252,0.8554913294797688,0.8949685534591195,0.6948219706411933,DP-FedAvg (strong),7.0,0.2649044624849996
84,13,0.12966364544879652,0.8181818181818182,0.8505747126436781,0.9016771488469602,0.7117614998622068,DP-FedAvg (strong),7.0,0.332126121392735
84,14,0.10009680370925664,0.7972027972027972,0.8304093567251462,0.8920335429769393,0.7475782300713815,DP-FedAvg (strong),7.0,0.2314779033956468
84,15,0.12859810167054644,0.7832167832167832,0.8165680473372781,0.8935010482180293,0.8136577649536392,DP-FedAvg (strong),7.0,0.2502028609533995
84,16,0.09840646906832988,0.7762237762237763,0.8117647058823529,0.8972746331236897,0.7775030926293768,DP-FedAvg (strong),7.0,0.1965767585949521
84,17,0.08489775904669938,0.7832167832167832,0.8187134502923976,0.90041928721174,0.7997040198739823,DP-FedAvg (strong),7.0,0.21494655261187454
84,18,0.09149281783981116,0.8111888111888111,0.8402366863905325,0.9111111111111111,0.7507122398601086,DP-FedAvg (strong),7.0,0.22533640572090435
84,19,0.08806294941519544,0.8111888111888111,0.8439306358381503,0.9119496855345912,0.7459791524943782,DP-FedAvg (strong),7.0,0.22890033160928175
84,20,0.06874295528915243,0.7972027972027972,0.8263473053892215,0.9146750524109015,0.7315714291232366,DP-FedAvg (strong),7.0,0.1838990338209979
84,21,0.06680869294806713,0.7972027972027972,0.8323699421965318,0.9157232704402516,0.6372888466655081,DP-FedAvg (strong),7.0,0.18614951046492653
84,22,0.09340806837238556,0.8391608391608392,0.8670520231213873,0.919496855345912,0.6147176713961809,DP-FedAvg (strong),7.0,0.2517758954468059
84,23,0.08425172923550013,0.8461538461538461,0.872093023255814,0.9218029350104822,0.6151072908750104,DP-FedAvg (strong),7.0,0.22029677620482888
84,24,0.08662592787562,0.8601398601398601,0.8837209302325582,0.9255765199161425,0.5735100609118983,DP-FedAvg (strong),7.0,0.23297612263121195
84,25,0.08292480951570214,0.8391608391608392,0.8670520231213873,0.9241090146750524,0.5799051404128647,DP-FedAvg (strong),7.0,0.18623265344607698
84,26,0.09590600860574997,0.8181818181818182,0.8452380952380952,0.9161425576519917,0.6805345242256803,DP-FedAvg (strong),7.0,0.2079846779942282
84,27,0.12281634103972872,0.8181818181818182,0.8452380952380952,0.9171907756813418,0.7161462617776824,DP-FedAvg (strong),7.0,0.20027048563191713
84,28,0.1062507682370379,0.8461538461538461,0.8705882352941177,0.9255765199161425,0.6321444185313856,DP-FedAvg (strong),7.0,0.21078347718962617
84,29,0.08922108991058492,0.8391608391608392,0.8654970760233918,0.9220125786163522,0.681405973855302,DP-FedAvg (strong),7.0,0.20069389588921394
84,30,0.15729446569077696,0.8531468531468531,0.8786127167630058,0.9241090146750524,0.6913087775537532,DP-FedAvg (strong),7.0,0.2165455370469262
84,1,0.16624488056416964,0.951048951048951,0.9613259668508287,0.9813417190775682,0.39640325734021414,GossipAvg,10.0,0.4419634041228889
84,2,0.12649034995452896,0.958041958041958,0.967032967032967,0.9830188679245283,0.3171666070796051,GossipAvg,10.0,0.262689536464069
84,3,0.1012978294398564,0.958041958041958,0.967032967032967,0.9832285115303984,0.27911778365312095,GossipAvg,10.0,0.19193857337199394
84,4,0.08781501296679098,0.958041958041958,0.967032967032967,0.9838574423480084,0.25484649755562966,GossipAvg,10.0,0.16179150674457168
84,5,0.07807803788260849,0.965034965034965,0.9726775956284153,0.9838574423480084,0.23789837301446626,GossipAvg,10.0,0.14370258123909282
84,6,0.07116299652374859,0.965034965034965,0.9726775956284153,0.9838574423480084,0.2248724318210325,GossipAvg,10.0,0.12992260696872177
84,7,0.0657614639503701,0.965034965034965,0.9726775956284153,0.9840670859538784,0.21480700598094965,GossipAvg,10.0,0.11986727606839123
84,8,0.06149428582040532,0.965034965034965,0.9726775956284153,0.9838574423480084,0.20650720771656444,GossipAvg,10.0,0.11147904119602618
84,9,0.057778787195200965,0.965034965034965,0.9726775956284153,0.9840670859538784,0.1997073265098246,GossipAvg,10.0,0.1063329414725052
84,10,0.05481134632453807,0.965034965034965,0.9726775956284153,0.9838574423480084,0.19390010741541158,GossipAvg,10.0,0.10054312453818053
84,11,0.052231195301886094,0.965034965034965,0.9726775956284153,0.9836477987421384,0.1888705603714894,GossipAvg,10.0,0.09609618944741025
84,12,0.0499668207724237,0.965034965034965,0.9726775956284153,0.9836477987421384,0.18457078689643278,GossipAvg,10.0,0.09244712366894656
84,13,0.04798810621719539,0.965034965034965,0.9726775956284153,0.9838574423480084,0.1806987656437452,GossipAvg,10.0,0.08900721192771255
84,14,0.04631069614440962,0.965034965034965,0.9726775956284153,0.9840670859538785,0.17726613946342354,GossipAvg,10.0,0.08581625346580235
84,15,0.044721100145039924,0.965034965034965,0.9726775956284153,0.9844863731656185,0.17419968518571227,GossipAvg,10.0,0.08318325231424248
84,16,0.04314862831600963,0.965034965034965,0.9726775956284153,0.9846960167714884,0.17144812412616103,GossipAvg,10.0,0.08207511750389901
84,17,0.04200561378307678,0.965034965034965,0.9726775956284153,0.9846960167714884,0.16889111587889108,GossipAvg,10.0,0.07859738197617863
84,18,0.04079820253929818,0.965034965034965,0.9726775956284153,0.9851153039832286,0.16661804400579744,GossipAvg,10.0,0.07663568467664214
84,19,0.03965145583657396,0.965034965034965,0.9726775956284153,0.9851153039832286,0.1645404085741601,GossipAvg,10.0,0.07531057209550143
84,20,0.03868933060020339,0.965034965034965,0.9726775956284153,0.9851153039832286,0.16257142560788904,GossipAvg,10.0,0.07321363655239506
84,21,0.03770136736858391,0.965034965034965,0.9726775956284153,0.9853249475890986,0.1608479263109584,GossipAvg,10.0,0.07221985339561131
84,22,0.03678883827092423,0.958041958041958,0.967032967032967,0.9851153039832286,0.15919845069547978,GossipAvg,10.0,0.0708731117822064
84,23,0.035885978052468515,0.951048951048951,0.9617486338797814,0.9855345911949686,0.15763247515669726,GossipAvg,10.0,0.0699672431370108
84,24,0.03517215730919987,0.951048951048951,0.9617486338797814,0.9855345911949686,0.1562413725258191,GossipAvg,10.0,0.06774522268202646
84,25,0.03443109685974262,0.951048951048951,0.9617486338797814,0.9853249475890986,0.15496458020838189,GossipAvg,10.0,0.06678622229343596
84,26,0.03370872161891325,0.951048951048951,0.9617486338797814,0.9855345911949686,0.15374125513918926,GossipAvg,10.0,0.06582319166430563
84,27,0.033071567901351205,0.951048951048951,0.9617486338797814,0.9855345911949686,0.1525963326784956,GossipAvg,10.0,0.06429707130767215
84,28,0.03238989328204709,0.951048951048951,0.9617486338797814,0.9855345911949686,0.15147880580327697,GossipAvg,10.0,0.06374910159154987
84,29,0.03179408055985587,0.951048951048951,0.9617486338797814,0.9855345911949686,0.15048812791281946,GossipAvg,10.0,0.06267691013127277
84,30,0.03116136470763875,0.951048951048951,0.9617486338797814,0.9859538784067086,0.14956388392529205,GossipAvg,10.0,0.06218566758518305
84,1,0.16624488056416964,0.9300699300699301,0.945054945054945,0.9758909853249477,0.3884800958176597,Local-DP Gossip,10.0,0.4419634041228889
84,2,0.1307701317341416,0.9440559440559441,0.9560439560439561,0.9746331236897274,0.3068964089036904,Local-DP Gossip,10.0,0.28219424115907327
84,3,0.10168160706755003,0.9300699300699301,0.945054945054945,0.9668763102725367,0.2828883136160027,Local-DP Gossip,10.0,0.20553935267733614
84,4,0.09338484434632781,0.9300699300699301,0.945054945054945,0.9702306079664571,0.25887779870876787,Local-DP Gossip,10.0,0.18746268423187495
84,5,0.08286038892868816,0.951048951048951,0.9613259668508287,0.9729559748427674,0.22782739199877836,Local-DP Gossip,10.0,0.16619565767456596
84,6,0.07636252808592636,0.951048951048951,0.9608938547486033,0.9754716981132077,0.21552836378083856,Local-DP Gossip,10.0,0.15409252306519364
84,7,0.06929794700316486,0.9440559440559441,0.9550561797752809,0.9769392033542977,0.2088798860773208,Local-DP Gossip,10.0,0.13787735636354442
84,8,0.06617541370760174,0.916083916083916,0.9310344827586207,0.9702306079664571,0.21806244233476388,Local-DP Gossip,10.0,0.1343124212526086
84,9,0.06019557297776126,0.9230769230769231,0.9371428571428572,0.9719077568134172,0.21626351938693972,Local-DP Gossip,10.0,0.1257280443850866
84,10,0.059994290608211695,0.916083916083916,0.9318181818181818,0.9746331236897275,0.2092132450868943,Local-DP Gossip,10.0,0.12703120262810333
84,11,0.05771012401118901,0.9230769230769231,0.9385474860335196,0.9723270440251572,0.21081554402808175,Local-DP Gossip,10.0,0.12088259235877903
84,12,0.05483206241372009,0.9090909090909091,0.9273743016759777,0.9725366876310273,0.2089846251293802,Local-DP Gossip,10.0,0.11804453086677018
84,13,0.05258466136977519,0.916083916083916,0.9333333333333333,0.9733752620545074,0.19496860295204932,Local-DP Gossip,10.0,0.11609783407438537
84,14,0.04839716339230537,0.9300699300699301,0.945054945054945,0.9788259958071279,0.18074886955018657,Local-DP Gossip,10.0,0.10432565782412077
84,15,0.045852336733883045,0.916083916083916,0.9340659340659341,0.9765199161425577,0.1839427014192366,Local-DP Gossip,10.0,0.10136267425351655
84,16,0.041950701527081545,0.9300699300699301,0.9444444444444444,0.9796645702306079,0.17478429013632354,Local-DP Gossip,10.0,0.09512728398247311
84,17,0.04133310303012537,0.9370629370629371,0.9497206703910615,0.9815513626834382,0.17168683328965822,Local-DP Gossip,10.0,0.09774212594244884
84,18,0.040807684561898504,0.9300699300699301,0.9444444444444444,0.9792452830188679,0.17703352659021585,Local-DP Gossip,10.0,0.09095804135732614
84,19,0.0408190693599321,0.9300699300699301,0.9444444444444444,0.9786163522012579,0.17621489119979333,Local-DP Gossip,10.0,0.09178878280049645
84,20,0.03935205417531138,0.9230769230769231,0.9392265193370166,0.9813417190775682,0.17047899013154705,Local-DP Gossip,10.0,0.08808699166173564
84,21,0.04104530437206174,0.916083916083916,0.9333333333333333,0.9786163522012579,0.17755783994676214,Local-DP Gossip,10.0,0.09580623930418306
84,22,0.04054482068558873,0.9300699300699301,0.945054945054945,0.9779874213836478,0.17830038105065063,Local-DP Gossip,10.0,0.0929716137221058
84,23,0.035533900403709566,0.9440559440559441,0.9560439560439561,0.9769392033542977,0.1797345825667404,Local-DP Gossip,10.0,0.08357234133970384
84,24,0.036452667797362934,0.9440559440559441,0.9560439560439561,0.979035639412998,0.17453594461216196,Local-DP Gossip,10.0,0.08663152810395905
84,25,0.03649500658115973,0.9440559440559441,0.9565217391304348,0.9758909853249476,0.17103414686371085,Local-DP Gossip,10.0,0.08807399598483283
84,26,0.03675703479951261,0.9370629370629371,0.9508196721311475,0.9746331236897274,0.1725559202184565,Local-DP Gossip,10.0,0.08792317659590138
84,27,0.035729680309435,0.9370629370629371,0.9508196721311475,0.9731656184486374,0.17434867746993915,Local-DP Gossip,10.0,0.08275601472075587
84,28,0.033905114548170766,0.9300699300699301,0.945054945054945,0.9712788259958072,0.18062689543015645,Local-DP Gossip,10.0,0.08125683049368009
84,29,0.03124869313289915,0.9370629370629371,0.9508196721311475,0.9708595387840672,0.17806759894608523,Local-DP Gossip,10.0,0.07760975836414188
84,30,0.03181315677055267,0.9300699300699301,0.945054945054945,0.9710691823899371,0.1814884799630605,Local-DP Gossip,10.0,0.08058692073208093
126,1,0.006037384530296239,0.9370629370629371,0.9508196721311475,0.9838574423480084,0.1503816313948845,,,
126,1,0.16031200871810927,0.9440559440559441,0.9560439560439561,0.9825995807127883,0.31646737941351105,FedAvg,7.0,0.4252463857327774
126,2,0.13091233544855582,0.951048951048951,0.9613259668508287,0.9846960167714884,0.2191392521279216,FedAvg,7.0,0.296347022124211
126,3,0.10601437795414591,0.951048951048951,0.9613259668508287,0.9857442348008386,0.1862660072693781,FedAvg,7.0,0.21126415005690166
126,4,0.0898623179251132,0.951048951048951,0.9613259668508287,0.9861635220125786,0.16584380199182067,FedAvg,7.0,0.19617901151773845
126,5,0.0767821003289583,0.951048951048951,0.9613259668508287,0.9863731656184487,0.15317746889770803,FedAvg,7.0,0.15905715820287963
126,6,0.07356689759124672,0.951048951048951,0.9613259668508287,0.9865828092243187,0.15218567903136532,FedAvg,7.0,0.14187473060604833
126,7,0.06796261711433883,0.951048951048951,0.9613259668508287,0.9863731656184487,0.14439146359391458,FedAvg,7.0,0.15055451999291192
126,8,0.06185391773135276,0.951048951048951,0.9613259668508287,0.9861635220125786,0.14062288285533367,FedAvg,7.0,0.12804866499200798
126,9,0.059356970954233076,0.951048951048951,0.9613259668508287,0.9865828092243187,0.13634337867534582,FedAvg,7.0,0.14412180382130282
126,10,0.05603705640908926,0.958041958041958,0.967032967032967,0.9870020964360587,0.13350609323730797,FedAvg,7.0,0.11859630679977927
126,11,0.053241758668407996,0.958041958041958,0.967032967032967,0.9867924528301887,0.13096462502416734,FedAvg,7.0,0.12178497486076248
126,12,0.04965014864491936,0.958041958041958,0.967032967032967,0.9870020964360587,0.1282642468542776,FedAvg,7.0,0.1270195984184677
126,13,0.04440370697152766,0.958041958041958,0.967032967032967,0.9874213836477987,0.12686730043993244,FedAvg,7.0,0.11498064826795931
126,14,0.04384323276360917,0.958041958041958,0.967032967032967,0.9874213836477987,0.12527968185469326,FedAvg,7.0,0.11176549509186852
126,15,0.03870341120850109,0.958041958041958,0.967032967032967,0.9874213836477987,0.12457378226329557,FedAvg,7.0,0.10771151753677484
126,16,0.044247522239276055,0.965034965034965,0.9726775956284153,0.9872117400419288,0.1236051027717069,FedAvg,7.0,0.1062944914138328
126,17,0.038683463432481094,0.965034965034965,0.9726775956284153,0.9872117400419288,0.12253153961996606,FedAvg,7.0,0.1103508810423061
126,18,0.03231791372741574,0.965034965034965,0.9726775956284153,0.9872117400419288,0.12214142468186226,FedAvg,7.0,0.08616153572815273
126,19,0.03574472033156873,0.965034965034965,0.9726775956284153,0.9876310272536688,0.12238144467647039,FedAvg,7.0,0.09367365285105389
126,20,0.0514686879898658,0.951048951048951,0.9617486338797814,0.9872117400419288,0.12210538849139622,FedAvg,7.0,0.11026547900868319
126,21,0.033628102396851225,0.958041958041958,0.967391304347826,0.9872117400419288,0.1211928781688999,FedAvg,7.0,0.07876507530097379
126,22,0.035357995772803026,0.958041958041958,0.967391304347826,0.9872117400419288,0.12056718345875037,FedAvg,7.0,0.09079493019784458
126,23,0.034855930379086575,0.958041958041958,0.967391304347826,0.9872117400419288,0.12032055106095203,FedAvg,7.0,0.08668259286500492
126,24,0.03535253122894963,0.9440559440559441,0.9565217391304348,0.9870020964360587,0.12010329782619746,FedAvg,7.0,0.09235114951372757
126,25,0.03232341323241549,0.9440559440559441,0.9565217391304348,0.9870020964360587,0.11994742572383772,FedAvg,7.0,0.07969171052144221
126,26,0.02505392306089048,0.9440559440559441,0.9565217391304348,0.9870020964360587,0.11963560058792616,FedAvg,7.0,0.06487632419021458
126,27,0.026287274606393348,0.9440559440559441,0.9565217391304348,0.9870020964360587,0.11929876973911989,FedAvg,7.0,0.06886730934457623
126,28,0.02717185916505305,0.9440559440559441,0.9565217391304348,0.9872117400419287,0.11885698082320807,FedAvg,7.0,0.07754757106399844
126,29,0.02782950267593953,0.9440559440559441,0.9565217391304348,0.9872117400419287,0.11873131737845204,FedAvg,7.0,0.0836465153836932
126,30,0.028771202058618578,0.9440559440559441,0.9565217391304348,0.9872117400419287,0.1190425550055205,FedAvg,7.0,0.08217796590341682
126,1,0.16031200871810927,0.9440559440559441,0.9560439560439561,0.9825995807127883,0.3164673794135107,Secure FedAvg,7.0,0.4252463857327774
126,2,0.13091233544855582,0.951048951048951,0.9613259668508287,0.9846960167714884,0.21913925212792176,Secure FedAvg,7.0,0.2963470221242107
126,3,0.10601437795414613,0.951048951048951,0.9613259668508287,0.9857442348008386,0.18626600726937817,Secure FedAvg,7.0,0.21126415005690244
126,4,0.08986231792511327,0.951048951048951,0.9613259668508287,0.9861635220125786,0.1658438019918203,Secure FedAvg,7.0,0.19617901151773845
126,5,0.0767821003289582,0.951048951048951,0.9613259668508287,0.9863731656184487,0.1531774688977082,Secure FedAvg,7.0,0.15905715820287908
126,6,0.07356689759124682,0.951048951048951,0.9613259668508287,0.9865828092243187,0.15218567903136612,Secure FedAvg,7.0,0.14187473060604874
126,7,0.0679626171143389,0.951048951048951,0.9613259668508287,0.9863731656184487,0.1443914635939157,Secure FedAvg,7.0,0.1505545199929117
126,8,0.06185391773135304,0.951048951048951,0.9613259668508287,0.9861635220125786,0.14062288285533395,Secure FedAvg,7.0,0.12804866499200898
126,9,0.05935697095423337,0.951048951048951,0.9613259668508287,0.9865828092243187,0.13634337867534643,Secure FedAvg,7.0,0.14412180382130443
126,10,0.05603705640908948,0.958041958041958,0.967032967032967,0.9870020964360587,0.1335060932373087,Secure FedAvg,7.0,0.11859630679978038
126,11,0.05324175866840819,0.958041958041958,0.967032967032967,0.9867924528301887,0.13096462502416725,Secure FedAvg,7.0,0.12178497486076335
126,12,0.04965014864491946,0.958041958041958,0.967032967032967,0.9870020964360587,0.12826424685427623,Secure FedAvg,7.0,0.1270195984184682
126,13,0.04440370697152777,0.958041958041958,0.967032967032967,0.9874213836477987,0.12686730043993083,Secure FedAvg,7.0,0.11498064826796028
126,14,0.0438432327636092,0.958041958041958,0.967032967032967,0.9874213836477987,0.1252796818546912,Secure FedAvg,7.0,0.11176549509186952
126,15,0.038703411208500973,0.958041958041958,0.967032967032967,0.9874213836477987,0.12457378226329367,Secure FedAvg,7.0,0.10771151753677498
126,16,0.044247522239276305,0.965034965034965,0.9726775956284153,0.9872117400419288,0.12360510277170439,Secure FedAvg,7.0,0.10629449141383487
126,17,0.03868346343248106,0.965034965034965,0.9726775956284153,0.9872117400419288,0.12253153961996432,Secure FedAvg,7.0,0.11035088104230718
126,18,0.032317913727415534,0.965034965034965,0.9726775956284153,0.9872117400419288,0.12214142468186097,Secure FedAvg,7.0,0.08616153572815297
126,19,0.035744720331568586,0.965034965034965,0.9726775956284153,0.9876310272536688,0.12238144467646891,Secure FedAvg,7.0,0.09367365285105508
126,20,0.05146868798986634,0.951048951048951,0.9617486338797814,0.9872117400419288,0.12210538849139414,Secure FedAvg,7.0,0.11026547900868568
126,21,0.033628102396851316,0.958041958041958,0.967391304347826,0.9872117400419288,0.12119287816889791,Secure FedAvg,7.0,0.07876507530097532
126,22,0.035357995772803026,0.958041958041958,0.967391304347826,0.9872117400419288,0.12056718345874937,Secure FedAvg,7.0,0.09079493019784556
126,23,0.03485593037908686,0.958041958041958,0.967391304347826,0.9872117400419288,0.12032055106095128,Secure FedAvg,7.0,0.08668259286500722
126,24,0.03535253122894965,0.9440559440559441,0.9565217391304348,0.9870020964360587,0.12010329782619693,Secure FedAvg,7.0,0.09235114951372844
126,25,0.03232341323241564,0.9440559440559441,0.9565217391304348,0.9870020964360587,0.11994742572383688,Secure FedAvg,7.0,0.07969171052144428
126,26,0.02505392306089048,0.9440559440559441,0.9565217391304348,0.9870020964360587,0.11963560058792506,Secure FedAvg,7.0,0.06487632419021558
126,27,0.02628727460639341,0.9440559440559441,0.9565217391304348,0.9870020964360587,0.1192987697391191,Secure FedAvg,7.0,0.06886730934457792
126,28,0.027171859165052867,0.9440559440559441,0.9565217391304348,0.9872117400419287,0.11885698082320795,Secure FedAvg,7.0,0.07754757106399852
126,29,0.027829502675939546,0.9440559440559441,0.9565217391304348,0.9872117400419287,0.11873131737845184,Secure FedAvg,7.0,0.08364651538369451
126,30,0.028771202058618498,0.9440559440559441,0.9565217391304348,0.9872117400419287,0.11904255500552156,Secure FedAvg,7.0,0.08217796590341793
126,1,0.16031200871810927,0.958041958041958,0.967391304347826,0.9819706498951782,0.3113079238271768,DP-FedAvg (moderate),7.0,0.4252463857327774
126,2,0.12841745362030574,0.958041958041958,0.967391304347826,0.9867924528301887,0.21796220435538016,DP-FedAvg (moderate),7.0,0.30084393737376114
126,3,0.106733807292682,0.958041958041958,0.967391304347826,0.9853249475890986,0.18908252475485107,DP-FedAvg (moderate),7.0,0.22781643888149544
126,4,0.09112124414769876,0.958041958041958,0.967032967032967,0.9815513626834382,0.1757323233492866,DP-FedAvg (moderate),7.0,0.20860722264822582
126,5,0.07924645238717196,0.958041958041958,0.967032967032967,0.9813417190775682,0.16376372474421216,DP-FedAvg (moderate),7.0,0.17559264749568573
126,6,0.08145314805800113,0.965034965034965,0.9726775956284153,0.9811320754716981,0.16463939790582582,DP-FedAvg (moderate),7.0,0.1645109524366853
126,7,0.07154753307901443,0.958041958041958,0.967032967032967,0.9813417190775682,0.15239929190840418,DP-FedAvg (moderate),7.0,0.174090020258966
126,8,0.06443083158822734,0.951048951048951,0.9613259668508287,0.979874213836478,0.14916986305181237,DP-FedAvg (moderate),7.0,0.15109628426239768
126,9,0.06381559994251111,0.951048951048951,0.9613259668508287,0.9832285115303984,0.14870157067823964,DP-FedAvg (moderate),7.0,0.16082597214000222
126,10,0.0638070559159389,0.951048951048951,0.9613259668508287,0.9805031446540882,0.15208898044252495,DP-FedAvg (moderate),7.0,0.14228675041343267
126,11,0.06207872694541795,0.958041958041958,0.9662921348314607,0.9805031446540882,0.15082541324864274,DP-FedAvg (moderate),7.0,0.1512795136984121
126,12,0.05760401611917122,0.958041958041958,0.9662921348314607,0.9832285115303984,0.1444850966277496,DP-FedAvg (moderate),7.0,0.15960629851753566
126,13,0.048711360875921865,0.958041958041958,0.9662921348314607,0.9838574423480084,0.13821830846348002,DP-FedAvg (moderate),7.0,0.14043033332116386
126,14,0.05112929409844478,0.958041958041958,0.9662921348314607,0.9840670859538785,0.13510163699809954,DP-FedAvg (moderate),7.0,0.14497228527693545
126,15,0.04241981334390775,0.972027972027972,0.9777777777777777,0.9844863731656185,0.13187968996919294,DP-FedAvg (moderate),7.0,0.13943529436827856
126,16,0.052634271869472345,0.972027972027972,0.9777777777777777,0.9830188679245284,0.13351973088425936,DP-FedAvg (moderate),7.0,0.13838248112631688
126,17,0.04357995275062202,0.965034965034965,0.9723756906077348,0.9865828092243187,0.12724378514323945,DP-FedAvg (moderate),7.0,0.13737173589770085
126,18,0.03360367859672825,0.958041958041958,0.967032967032967,0.9836477987421384,0.13404088581094545,DP-FedAvg (moderate),7.0,0.10814906334596146
126,19,0.03743505551934789,0.958041958041958,0.967032967032967,0.9838574423480084,0.1302154033479813,DP-FedAvg (moderate),7.0,0.10681161866632176
126,20,0.059505243533024665,0.958041958041958,0.967032967032967,0.9842767295597484,0.1331407413772127,DP-FedAvg (moderate),7.0,0.1277155951413749
126,21,0.03645761255534851,0.951048951048951,0.9613259668508287,0.9838574423480084,0.13102874200295514,DP-FedAvg (moderate),7.0,0.09208751416444867
126,22,0.0381169225982899,0.965034965034965,0.9723756906077348,0.9859538784067087,0.1236068446695807,DP-FedAvg (moderate),7.0,0.09927073879980898
126,23,0.03780764968147494,0.965034965034965,0.9726775956284153,0.9849056603773585,0.1260283515264833,DP-FedAvg (moderate),7.0,0.09716574299454298
126,24,0.03793073819653411,0.958041958041958,0.9666666666666667,0.9823899371069182,0.13097129281994363,DP-FedAvg (moderate),7.0,0.10456413049325901
126,25,0.03525487132360795,0.958041958041958,0.9666666666666667,0.9832285115303984,0.13491139670819774,DP-FedAvg (moderate),7.0,0.09562863570592174
126,26,0.027281351852537702,0.965034965034965,0.9723756906077348,0.9832285115303984,0.1409850478188818,DP-FedAvg (moderate),7.0,0.0780970131892342
126,27,0.02730488838482734,0.965034965034965,0.9723756906077348,0.9855345911949687,0.1358105333041695,DP-FedAvg (moderate),7.0,0.0835035327047061
126,28,0.02990858633681373,0.958041958041958,0.967032967032967,0.9853249475890986,0.13815576592836232,DP-FedAvg (moderate),7.0,0.09343305857364734
126,29,0.03189661742164962,0.965034965034965,0.9723756906077348,0.9880503144654088,0.13716272518109063,DP-FedAvg (moderate),7.0,0.10662379346308812
126,30,0.03118891609171347,0.951048951048951,0.9608938547486033,0.9878406708595389,0.13727472163044627,DP-FedAvg (moderate),7.0,0.09558827827070093
126,1,0.16031200871810927,0.8321678321678322,0.8604651162790697,0.9088050314465408,0.38860010276287865,DP-FedAvg (strong),7.0,0.4252463857327774
126,2,0.13381343944448343,0.8531468531468531,0.8852459016393442,0.9356394129979037,0.2966132353428999,DP-FedAvg (strong),7.0,0.37623947521514556
126,3,0.12442722282882733,0.8601398601398601,0.8901098901098901,0.9392033542976939,0.29468860907209776,DP-FedAvg (strong),7.0,0.31840318108954063
126,4,0.11938378162536598,0.8671328671328671,0.8914285714285715,0.9251572327044026,0.32523212369937343,DP-FedAvg (strong),7.0,0.3298939745193395
126,5,0.11388143595671883,0.9020979020979021,0.9213483146067416,0.9394129979035639,0.29081998430273975,DP-FedAvg (strong),7.0,0.3233795994478661
126,6,0.1407169902113889,0.8251748251748252,0.8571428571428571,0.919496855345912,0.36830627501970187,DP-FedAvg (strong),7.0,0.2800600287712027
126,7,0.11390886409918474,0.9020979020979021,0.9239130434782609,0.9440251572327044,0.29396839867730407,DP-FedAvg (strong),7.0,0.3485121787345231
126,8,0.11980695968419842,0.8881118881118881,0.9111111111111111,0.9345911949685535,0.31253805410149327,DP-FedAvg (strong),7.0,0.28460476028485
126,9,0.1202529144926757,0.8531468531468531,0.88,0.9329140461215932,0.3539576270851491,DP-FedAvg (strong),7.0,0.30330387287937094
126,10,0.12901642124755414,0.8811188811188811,0.9050279329608939,0.9368972746331238,0.3516309935486752,DP-FedAvg (strong),7.0,0.28130742620476656
126,11,0.13691192654222714,0.8531468531468531,0.88,0.929559748427673,0.4201225870010458,DP-FedAvg (strong),7.0,0.2859875856257175
126,12,0.13409134330657047,0.8601398601398601,0.8850574712643678,0.9375262054507338,0.4283498847487673,DP-FedAvg (strong),7.0,0.300824566265148
126,13,0.10774536181532796,0.8601398601398601,0.8823529411764706,0.9509433962264152,0.39004862083479347,DP-FedAvg (strong),7.0,0.30028483685077273
126,14,0.1286977915031975,0.8741258741258742,0.896551724137931,0.9545073375262055,0.3683223022576279,DP-FedAvg (strong),7.0,0.31367606426484534
126,15,0.09155939549949013,0.8951048951048951,0.9152542372881356,0.9574423480083858,0.36841318767403963,DP-FedAvg (strong),7.0,0.29093806695879515
126,16,0.13024164332666027,0.8881118881118881,0.9090909090909091,0.9570230607966458,0.37555968398294903,DP-FedAvg (strong),7.0,0.2704353203573967
126,17,0.10641990591263516,0.9020979020979021,0.9195402298850575,0.9624737945492663,0.3722095091680753,DP-FedAvg (strong),7.0,0.26426994621450034
126,18,0.07806746855949014,0.8881118881118881,0.9069767441860465,0.9561844863731657,0.3915000246723403,DP-FedAvg (strong),7.0,0.22906304450701856
126,19,0.09704762722533151,0.8951048951048951,0.9132947976878613,0.960377358490566,0.36685608826303584,DP-FedAvg (strong),7.0,0.2078973892818571
126,20,0.17281559960932139,0.8741258741258742,0.8953488372093024,0.9605870020964361,0.40056880693182345,DP-FedAvg (strong),7.0,0.22364135703480897
126,21,0.08760470577800325,0.8951048951048951,0.9122807017543859,0.9622641509433963,0.38223119923677645,DP-FedAvg (strong),7.0,0.19379762869457742
126,22,0.10026434149024503,0.8881118881118881,0.9058823529411765,0.9683438155136269,0.3710830986638233,DP-FedAvg (strong),7.0,0.1778768290933183
126,23,0.08588796882195868,0.8811188811188811,0.9005847953216374,0.9651991614255766,0.4000515458645616,DP-FedAvg (strong),7.0,0.1940733073349247
126,24,0.0971947096953924,0.9090909090909091,0.9248554913294798,0.9679245283018869,0.4096297358118256,DP-FedAvg (strong),7.0,0.19907393071229004
126,25,0.07793565514421985,0.8951048951048951,0.9132947976878613,0.9662473794549267,0.43111649617497316,DP-FedAvg (strong),7.0,0.21890519901791014
126,26,0.06419004752812069,0.8951048951048951,0.9132947976878613,0.9641509433962264,0.44481363090023424,DP-FedAvg (strong),7.0,0.1929013935973333
126,27,0.05914038555753646,0.8811188811188811,0.9005847953216374,0.9660377358490566,0.41486925736354274,DP-FedAvg (strong),7.0,0.19200357664431503
126,28,0.08619605296080414,0.8951048951048951,0.9142857142857143,0.9651991614255766,0.4213466172532552,DP-FedAvg (strong),7.0,0.16846426694378597
126,29,0.09802434269486211,0.8741258741258742,0.8941176470588236,0.9666666666666667,0.4444563475527046,DP-FedAvg (strong),7.0,0.22970133796029196
126,30,0.08669120461301781,0.8881118881118881,0.9080459770114943,0.9666666666666667,0.4503652528533277,DP-FedAvg (strong),7.0,0.1925472970837964
126,1,0.15859506550337635,0.9440559440559441,0.9555555555555556,0.9817610062893083,0.37528424693698686,GossipAvg,10.0,0.43877550353458306
126,2,0.12068106583572727,0.9440559440559441,0.9555555555555556,0.9821802935010482,0.29196447376569706,GossipAvg,10.0,0.26240517489166365
126,3,0.09639840746658543,0.9440559440559441,0.9555555555555556,0.9825995807127883,0.25245529509550746,GossipAvg,10.0,0.19307226366544877
126,4,0.0835876118717944,0.9440559440559441,0.9555555555555556,0.9828092243186584,0.22800514393351126,GossipAvg,10.0,0.16270502783350105
126,5,0.07446959535684203,0.9440559440559441,0.9555555555555556,0.9834381551362684,0.21114528025838522,GossipAvg,10.0,0.1431501371462957
126,6,0.06765452939936305,0.9440559440559441,0.9555555555555556,0.9834381551362683,0.1986901217518025,GossipAvg,10.0,0.13032254866670046
126,7,0.062471440485758686,0.9440559440559441,0.9555555555555556,0.9832285115303984,0.1891879953458655,GossipAvg,10.0,0.11988693238564911
126,8,0.058239159324899925,0.9440559440559441,0.9555555555555556,0.9834381551362683,0.18157466396718527,GossipAvg,10.0,0.1119973306866368
126,9,0.05475100594457401,0.9440559440559441,0.9555555555555556,0.9836477987421384,0.1755204482440136,GossipAvg,10.0,0.10587358562861315
126,10,0.051935922358142074,0.9440559440559441,0.9555555555555556,0.9836477987421384,0.17034071566648615,GossipAvg,10.0,0.09964596502771307
126,11,0.04935219380224008,0.9440559440559441,0.9555555555555556,0.9838574423480084,0.16605643247117274,GossipAvg,10.0,0.09548318358981343
126,12,0.047165934598329975,0.9440559440559441,0.9555555555555556,0.9838574423480084,0.16240481139711238,GossipAvg,10.0,0.0913468497482208
126,13,0.045264044604416256,0.9440559440559441,0.9555555555555556,0.9838574423480084,0.15927003617125346,GossipAvg,10.0,0.08772336617973588
126,14,0.04351491449878457,0.9440559440559441,0.9555555555555556,0.9838574423480084,0.15652478541393455,GossipAvg,10.0,0.08498537863317883
126,15,0.042020594231584656,0.9440559440559441,0.9555555555555556,0.9838574423480084,0.1541363514904891,GossipAvg,10.0,0.08176953646314807
126,16,0.04063252088001147,0.9440559440559441,0.9555555555555556,0.9838574423480084,0.15212193948404146,GossipAvg,10.0,0.0789992999575573
126,17,0.039345921328721174,0.9440559440559441,0.9555555555555556,0.9838574423480084,0.15037961593267551,GossipAvg,10.0,0.07688682399373535
126,18,0.038122243782746645,0.9440559440559441,0.9555555555555556,0.9838574423480084,0.1487060895058478,GossipAvg,10.0,0.07525890294336578
126,19,0.03708568401933033,0.9440559440559441,0.9555555555555556,0.9840670859538785,0.14729369464776304,GossipAvg,10.0,0.072610082745551
126,20,0.036067277268255725,0.9440559440559441,0.9555555555555556,0.9840670859538785,0.1461095191814869,GossipAvg,10.0,0.07097397539126055
126,21,0.03509959954444961,0.9440559440559441,0.9555555555555556,0.9840670859538785,0.1450204868807801,GossipAvg,10.0,0.06966571738148727
126,22,0.03426600857075908,0.9440559440559441,0.9555555555555556,0.9840670859538785,0.14401676444162695,GossipAvg,10.0,0.06752076892795053
126,23,0.03346528078496001,0.9440559440559441,0.9555555555555556,0.9842767295597484,0.14310077451228514,GossipAvg,10.0,0.06585616538766743
126,24,0.032603368386769534,0.9440559440559441,0.9555555555555556,0.9842767295597484,0.1423336124746103,GossipAvg,10.0,0.06543283856991687
126,25,0.03191755075073455,0.9440559440559441,0.9555555555555556,0.9842767295597484,0.141585415387763,GossipAvg,10.0,0.06366241310884885
126,26,0.031203107698048564,0.9370629370629371,0.9502762430939227,0.9844863731656185,0.1409523819703969,GossipAvg,10.0,0.06256425851973296
126,27,0.030529159261558962,0.9370629370629371,0.9502762430939227,0.9844863731656185,0.14034865011466738,GossipAvg,10.0,0.061413512041337694
126,28,0.029872653846192088,0.9370629370629371,0.9502762430939227,0.9844863731656185,0.13979824316935044,GossipAvg,10.0,0.060769620039733296
126,29,0.02924504456210496,0.9370629370629371,0.9502762430939227,0.9842767295597484,0.1393231245210051,GossipAvg,10.0,0.05987924551644842
126,30,0.028710135619212117,0.9370629370629371,0.9502762430939227,0.9842767295597484,0.13891020062024093,GossipAvg,10.0,0.05813702231009944
126,1,0.15859506550337635,0.9370629370629371,0.9497206703910615,0.9761006289308176,0.3925994096912492,Local-DP Gossip,10.0,0.43877550353458306
126,2,0.12152502302511095,0.9300699300699301,0.9444444444444444,0.9723270440251572,0.3186424814711435,Local-DP Gossip,10.0,0.2777300516436978
126,3,0.10010979225700947,0.916083916083916,0.9325842696629213,0.9769392033542977,0.27634265091348964,Local-DP Gossip,10.0,0.21658141152462168
126,4,0.08389831027705581,0.9300699300699301,0.9444444444444444,0.9721174004192872,0.24841868279215418,Local-DP Gossip,10.0,0.17698009646706248
126,5,0.07519583657389592,0.9300699300699301,0.9444444444444444,0.9786163522012579,0.22608344775011838,Local-DP Gossip,10.0,0.1607887831540386
126,6,0.0695835720682235,0.9230769230769231,0.9392265193370166,0.9763102725366877,0.21936396093226804,Local-DP Gossip,10.0,0.15444770323006615
126,7,0.06497680552558192,0.9230769230769231,0.9392265193370166,0.9771488469601678,0.20820144709208913,Local-DP Gossip,10.0,0.14127216863097458
126,8,0.059919277474879976,0.9230769230769231,0.9392265193370166,0.9729559748427674,0.2124976595590221,Local-DP Gossip,10.0,0.13320202718592006
126,9,0.0569417388049233,0.9230769230769231,0.9385474860335196,0.9723270440251572,0.20839469139772626,Local-DP Gossip,10.0,0.12711358510900855
126,10,0.05426417137058622,0.9300699300699301,0.9438202247191011,0.9723270440251572,0.20524175663052574,Local-DP Gossip,10.0,0.12416421773083253
126,11,0.05130407215064488,0.916083916083916,0.9325842696629213,0.969601677148847,0.21284194414026603,Local-DP Gossip,10.0,0.116776979763813
126,12,0.05144619066470091,0.916083916083916,0.9318181818181818,0.968972746331237,0.21444327408899647,Local-DP Gossip,10.0,0.12321342355457535
126,13,0.04948183808404022,0.916083916083916,0.9325842696629213,0.9641509433962265,0.22526586709216553,Local-DP Gossip,10.0,0.11670350808258056
126,14,0.045025926923762075,0.916083916083916,0.9325842696629213,0.9702306079664571,0.20841134127440186,Local-DP Gossip,10.0,0.10824194101943511
126,15,0.046369026577419654,0.916083916083916,0.9333333333333333,0.968553459119497,0.20633068704170404,Local-DP Gossip,10.0,0.11215575917613203
126,16,0.045710114802207095,0.9300699300699301,0.9444444444444444,0.9721174004192873,0.1946868827392892,Local-DP Gossip,10.0,0.11098892840278063
126,17,0.043898078366573376,0.9230769230769231,0.9392265193370166,0.9712788259958072,0.19378016501742124,Local-DP Gossip,10.0,0.1032039316408823
126,18,0.03958610416334108,0.9230769230769231,0.9392265193370166,0.9683438155136269,0.19557736059359024,Local-DP Gossip,10.0,0.09750536981819038
126,19,0.040316848862562205,0.9230769230769231,0.9385474860335196,0.969392033542977,0.2027432196466649,Local-DP Gossip,10.0,0.10362865040082422
126,20,0.03804494228568537,0.916083916083916,0.9333333333333333,0.9721174004192873,0.19485841940547177,Local-DP Gossip,10.0,0.0967542397169873
126,21,0.0369536105757063,0.9230769230769231,0.9385474860335196,0.9733752620545074,0.19215599654939,Local-DP Gossip,10.0,0.094223791177979
126,22,0.03607190831385202,0.9300699300699301,0.9438202247191011,0.9754716981132076,0.18928461984512113,Local-DP Gossip,10.0,0.08940863886039126
126,23,0.03508944547605512,0.916083916083916,0.9325842696629213,0.9740041928721175,0.19134204199813196,Local-DP Gossip,10.0,0.0882578870628853
126,24,0.03326355772632485,0.9300699300699301,0.9444444444444444,0.9721174004192873,0.1980805535914483,Local-DP Gossip,10.0,0.08547636498263404
126,25,0.03293793118569849,0.9300699300699301,0.9444444444444444,0.9727463312368974,0.19306911038506697,Local-DP Gossip,10.0,0.08449826892973455
126,26,0.033345956764011794,0.9370629370629371,0.9502762430939227,0.9719077568134172,0.19458102677941283,Local-DP Gossip,10.0,0.08575215058534598
126,27,0.03269351780736575,0.9230769230769231,0.9385474860335196,0.9723270440251573,0.19190208270691458,Local-DP Gossip,10.0,0.09115140036793484
126,28,0.03145230955404711,0.9300699300699301,0.9444444444444444,0.9758909853249477,0.18089247922826263,Local-DP Gossip,10.0,0.0853736028037636
126,29,0.030955111319439642,0.9300699300699301,0.9438202247191011,0.9752620545073376,0.18390135046465944,Local-DP Gossip,10.0,0.08334550473823342
126,30,0.02877542822813653,0.9300699300699301,0.9438202247191011,0.9744234800838575,0.1842540166843205,Local-DP Gossip,10.0,0.07993621240939365
